u,e,f,s,y
-1.9511608533969071,-1.8983594068541048,-0.8698984319308016,-4.061959468901448,-0.3078564029880224
-0.9549054498941021,2.906039086085407,-7.695579814801711,-12.925642971665493,6.650120437359637
1.101709949819666,2.196434759611784,-1.1900318209580905,-0.6481311208041547,2.5350665785848303
2.5387857514069943,-0.816490282222305,9.149889997819763,16.767367431209504,-5.83852252763141
1.001452596143741,2.3687208394378754,-1.5696179236563055,-1.4744489526612001,4.512600783914671
-1.7523065735339467,1.0232778681180843,-7.89327384489193,-14.572960547205943,5.73616019279632
2.6679903829173366,-0.3754761599355714,7.854975172994543,14.870720401366064,-4.2417995727525595
1.5620508235999573,2.240531711676309,-0.4638901271056879,1.4857158533755266,1.5033873044216093
1.2992625369266477,1.0516963117991862,1.6435454561149236,4.389668230164408,-0.9754303466108626
1.5750397038667803,1.9587073371437187,0.33522309021856844,3.069183285460815,0.7396558480873887
0.9548681450970573,-0.4934415416861784,4.578915957311338,8.155150459351953,-2.2794042839004582
-2.8673244974331444,1.7922927167029332,-12.921187031702416,-23.51965924025743,8.640764714603076
-1.4782904421639418,-0.7984383648356452,-3.5057269375423576,-8.262818195183442,3.634316667831969
2.7394310397579114,1.4104745190043015,4.480132114465916,8.999528867365134,1.3741831818913954
-1.2683743194605392,-0.38681674892251205,-3.3541445184577827,-6.99997808534014,1.4685972995702414
1.6297589069319152,-0.5688323710935297,5.827780150199915,10.649137253251075,-3.4664942073233664
-0.4530961775452216,1.7797976932291641,-4.958663975558636,-7.387621292277748,2.821769901524388
2.4451662951073825,-2.2497793107364337,11.817658173439892,21.53603150353032,-9.51728412010363
0.3460143274602241,2.569254128943558,-4.411359952181407,-6.296059459878464,4.12824484117909
0.7913159811275507,0.05208439383708985,1.7435507391639147,3.6399704294898005,-1.5063268655978532
-1.5622489949875382,0.8164463924461467,-6.110211391970289,-11.652661900371395,5.442532167017093
-2.654859561341296,-0.5684310428402743,-7.277567342837014,-14.281426030696306,2.144998669293685
1.5393377609097625,0.8752478968755995,3.258100888556235,7.117389105325179,-1.2695151822813175
-2.594140263015764,1.2591086988592135,-11.041842540110721,-20.592924324658597,7.371263869762078
1.3307891479147411,2.2108640129820323,-0.8034422106301504,0.19449798333110657,3.4097960964125384
0.3329571717709481,2.126272287524448,-2.232553609255495,-2.3380055169950116,2.735505693594218
1.9201422777411326,-0.8531117997576216,8.555949394657755,15.640277385054244,-6.132639179610765
-1.7653614631549117,0.6951172258386262,-7.3668501231591295,-13.924280853289781,4.851673267534605
0.2491777316014474,1.6834637903578642,-2.0156680689719373,-2.3154635915364254,2.206985599310386
0.6850283241038988,1.5891809406112944,-0.31650559607253714,1.2305926720291378,-0.7008208630885562
-2.5542132400391093,2.3455886933733776,-11.822258370953694,-21.064862540451323,8.249848276867791
1.4336441032517104,1.9916612371830826,0.2841984449852527,2.5746148298783225,0.7083461592206479
-0.6658233887131249,1.3071355573270624,-5.576708848518844,-8.826536511993176,3.513813394090016
-2.2265154637249305,1.4931314094871642,-9.623455735035423,-17.762924160135075,7.126894242661113
-0.6776104002569476,1.8446625385290538,-5.516406200426274,-9.168565436288553,5.129316454910075
-2.4101910857001627,2.0273310639141915,-11.16602760276188,-20.34733733416644,8.604593477736447
2.3279752382247967,-0.8839858275792141,8.990375499796384,17.198066171697477,-6.492731160856454
-0.2594405957061454,1.6908644030171818,-4.5661003032710905,-7.5843726111754775,3.816626269755965
-2.171831627677182,2.69525391784439,-12.147912521423189,-21.784704163573785,9.982710363085177
-1.4874259336334388,-1.602219670373197,-2.4548906903159855,-6.135970233608407,0.16074424884680738
1.3478946201974722,-2.710590249608786,9.909975107662827,17.08516068531851,-8.424763435527678
1.7165290030509546,-2.56562225124354,9.831999197810788,17.62537827745281,-9.007581065468196
-2.7521016289970253,-1.6996909177573454,-4.981467301455047,-12.609568237733226,4.219604069665919
-2.6407187556567266,2.518742199662376,-12.83305769176392,-22.3859641199873,8.922497213218687
2.5031110273347412,-2.2392234966990316,11.707493063434983,21.623387249590905,-10.105431201891584
-1.0141066326633121,1.485618266134911,-6.549814491238396,-11.639729721404077,5.674169009231411
-1.8400567951897917,2.2022629867134276,-9.79677121373873,-17.430046773280402,7.527647550469199
-2.2616542097805725,2.265126131302539,-12.206947909198737,-21.828428435130746,8.495579527196579
-0.14425513149531,-0.49950849053265145,0.9496766489870918,0.8866653818001425,-0.6265020028028813
1.6263161666276345,-0.02842959010615065,5.266028909323594,10.522829718880633,-4.5216195389271725
0.12670660532678024,-1.0605068660134869,2.2262726838218274,3.4696190703664413,-2.1425083360122485
-2.875957922256669,-2.1159336607391364,-4.643020281607407,-12.423975279884747,4.280610591875625
-0.09657020403510241,-1.7269723507595078,2.6703530209178963,3.7877180467716247,-3.5888243065023304
-1.1300575366263748,-2.191289147567984,0.8013089038268388,-1.2647949738539732,-0.07486614727048957
1.0971550210318934,-0.5548663909963452,4.300782230437993,8.58818116796318,-4.060697113261912
0.14105381035755826,-1.9779264996068109,4.219779731453038,7.130662764950526,-5.69365991180969
2.79202289960652,-0.5795954241165386,10.259592286961563,20.69486543179593,-9.152816613030476
0.5889849242213252,2.1071347724399985,-3.3218427537067465,-4.697768217290824,4.791002857956248
0.7948857966393925,0.927093769062306,0.07645867697947206,0.9117979074708678,-0.10701270505911653
0.12138464015151307,0.9765106805738695,-1.2231557591983653,-2.4579416707327115,3.876531827476393
-1.1339670762511231,1.8711964637251741,-6.116842104429339,-10.02238927848439,4.750688373406615
0.7836189475047624,-2.7528389561581728,7.424527333376449,11.341887488829425,-5.426865371263851
-1.002530200569075,1.7670653686623208,-6.035656214441987,-11.028814800553562,6.435834158488214
1.3040888858068653,-1.8219069471523426,6.981019980815916,11.988264132398001,-4.559802386758454
-1.5789213761752718,-0.9244385723832456,-3.082559768377074,-7.642422546878443,1.9544251175152845
-0.7940317901296718,-1.1517430586758886,-0.07352815897567115,-1.7796717853244843,0.1502209550126766
0.5018899592568391,-2.3660667125685846,5.892545421334858,9.442571764071037,-5.114134049063121
0.770950214330731,-1.9577404741936661,6.0187139708904045,10.520422682915507,-6.024381029360547
1.0116771675488971,2.7380831813590287,-3.1229338590436666,-3.2380355528939497,3.621140823493309
1.201898812281291,0.6016335407928501,2.7395764594618925,6.175508240706647,-0.818737108055834
-1.0901617366573582,-0.15616943223315882,-3.407169675920844,-6.3970533072431754,0.6160059039205131
2.3554584458086367,1.5467686951477013,3.6409141931830766,8.89240749256355,-1.9447549535416018
-2.8203983504731527,1.882436254267664,-12.617039485856331,-23.61497545840825,9.066787946751818
-1.8694203718899989,-2.33842287656672,-1.2958015043793953,-5.315060915239957,-0.34288139822446306
-2.579155082594337,1.4454324927846285,-10.556067369710117,-19.39052824985125,7.0920243495876045
1.0292218343142254,2.5943792309292535,-2.069723011483283,-2.0955884131284517,4.359918874086908
-1.3580085811486373,0.5126164906151423,-3.8399576965639306,-6.992893016570318,2.6130129368715145
-1.805078956476775,0.6849417089279819,-6.907660846830491,-13.344562876121294,5.04898689706713
-0.11599507455817148,2.2224437406138478,-4.843085427251536,-7.882717206227195,5.493733546671333
0.7142851304828159,1.0768953563511818,0.6575619705699293,1.9643946416761258,1.609935567682394
0.7154765355227339,2.9716050699761,-3.684338180838976,-3.9143992463252517,3.3407223321995705
0.3447151766774228,-1.3038381838613817,3.5924602820330556,5.452300984060608,-2.130831815911447
2.951918160118364,2.0728834676060393,4.643208247334515,11.219690688513573,-0.851634309245977
2.1612886629306747,0.6744553252631027,5.231947279209944,10.904017997142178,-3.066937715361927
-1.5668387693008756,-0.8055867564841757,-2.6019554817243566,-5.479921389052842,-0.5907073466480702
1.552297557909477,2.2983580235453873,0.7328502419967533,4.5332107717064485,0.09165965727825565
0.4157833318787323,2.9774775366599915,-4.191836493333537,-4.951771619415191,3.9883788844843844
-2.5768857069455526,-2.6529037870471877,-2.1914096849901528,-7.223546281790297,-0.6733169136161059
-2.702513490463669,2.5531365399977606,-13.108433009636235,-23.492599729257737,9.535329654203622
1.7977143170714474,-1.7813339842354807,9.974890271419529,17.71359969303045,-7.367667613949221
0.2699441380556147,-1.7688718685610054,4.110343694796156,6.557027020741851,-3.3539991470236004
0.42794933312718486,-2.749463448374366,7.131892176947597,10.635776115655233,-4.455986545413392
-0.9823856707634144,2.5331264035299537,-7.4263032123040364,-12.20183737668463,6.7421644961456675
2.582088426750076,1.556388233690229,5.1556421600700855,11.84008154079439,-2.736584204790696
1.2800866935022244,-2.679304876764239,8.817673124447795,15.176417443442555,-7.982168298785738
2.566634971435551,0.8012112564123948,7.5050445392069305,15.80514039967896,-5.325265032750618
-2.4043964555045276,-2.2791933634894357,-1.819532466007936,-5.500730040951828,-1.6277487317680468
0.5023760961686126,1.5084313287132538,-0.9797434189119433,-0.8328026657584047,1.6842089377419367
0.8251634989656913,-0.5456769422734165,3.0636292805514764,5.959817926321223,-3.430891364166042
-2.2440400634443343,-2.6893389982222224,-0.8635566772260433,-4.180294214638978,-2.215875333027133
-0.9224100713779171,1.976444694292402,-7.875835235811373,-13.230479638724502,5.7913827831186815
-1.711173916810998,0.43447964852033216,-6.118586856923749,-11.224346621327934,3.46106734343703
2.9067538534944877,1.6372090718197434,5.499177721228582,12.159609978809426,-0.8073708541202494
0.26049114691194486,1.0471851064015967,-1.537498984426573,-1.7692965235233236,1.098206881903076
-1.1084345221258305,-0.39362295176943984,-1.746406245763632,-4.469277488841572,2.0976224438544904
0.9869799122719121,1.1919987572103654,0.6288198439060604,3.02947226365018,-0.89111753479674
0.9572857225514539,-2.911479234518644,8.214206047496166,13.090370616966851,-5.9223583323003925
-0.9160177443449138,-0.961574646107854,-0.44833869568041035,-2.048263734652177,-0.7153083090126522
2.9635371539065236,1.6671203761615656,5.755579059331916,13.287055540899706,-3.2773825019156986
1.8537694949339585,1.5783714408821723,1.5279567761731936,5.00352438391409,-0.08124271601242039
-0.5980909813113775,2.3244562032579195,-5.7742077096325986,-9.03830786949433,5.095599697316431
0.9603560657817853,0.6662731221492448,1.599166342039058,4.247423566531227,-1.1044723940053816
1.263237736373414,2.653180812565223,-1.0240204606222176,0.6113801769909001,2.979398677899481
-1.9571008820214715,0.34627323969616164,-6.358586133515083,-12.248849791995676,3.2905281232558887
2.2689550327648984,0.0027240402454768997,6.632986963990297,12.385289922253191,-3.2244383729505244
1.9562268594021743,-1.8167003462357065,9.714204901766415,18.12475454550006,-8.503440535317
1.5340495842926636,1.6730185150480397,1.2057333009312103,3.938899602963194,1.0261933987570515
-1.663943633741234,1.1523429292260197,-7.15111942390733,-13.365114527693684,6.245159441533678
-2.1825011111554096,-0.23543589203134907,-5.776001626977578,-10.819035071146672,3.0110389557869546
-1.9167114977385833,-2.477347511371349,-0.721983290968318,-5.275729675384203,1.0561659631124094
-2.4418871444521812,-2.2457857152927327,-2.6015348987122966,-7.401210845885176,0.24896200980769
2.6417449798088084,-2.3132328242746434,12.365659403888044,21.29815212357322,-7.5194916884544805
2.1089666975624173,-0.7464041514648239,7.533991419366296,14.491329614887881,-5.453835805272918
-2.4553231987265605,-2.046134555719188,-2.886282333682485,-8.168259817402282,1.3179921417177012
1.0678242360361283,2.1650525955792395,-0.40153963339494636,-0.10517171039401241,4.144852594006114
-1.5264758985553424,2.396076722895991,-9.630330915254163,-16.3200201795849,7.208625966226081
-2.8963580801283775,2.1406143877541446,-12.8127195290956,-24.129710675059172,11.247867947019532
-1.2456471748356233,0.6531296306119598,-5.74773798770471,-10.367977133503093,3.6174502084107543
-0.35981958412323856,0.5781323908602483,-1.3333656365076294,-2.5759319378614554,2.5151028680005805
-2.879771048274796,2.3455445188549664,-12.757389576554404,-23.401374764423515,11.582239635338393
-1.0576798150331002,-0.5621510360171671,-2.3406397394250154,-6.385227046376455,2.6096579017818646
1.202115775732553,-2.625934084854693,8.681766028027887,14.949918402176523,-7.2598704144735695
-1.6294292457930457,-0.1776410573089926,-3.928374145355756,-8.321356405635006,3.1941160098565304
-0.09064214804520798,0.3222627757863039,-0.8284903223540663,-1.5179975987541126,0.7335705638378451
2.325485478218771,0.29671286988107415,6.699426534315771,13.648052758949367,-4.460204533498938
-2.829654100746106,-2.0459755229335013,-4.890113962916857,-12.650210399204035,4.149505181113865
1.7138228735983558,1.700477839971522,2.028968988397909,6.103966914841624,-0.9809804711731374
-0.6966430581827479,1.391801455627494,-4.947824982110252,-8.785598600921011,4.790183935790911
0.2468993462167388,-1.6208823976151703,4.131887350269523,7.790490720853372,-6.523512161356747
-1.6147696340316082,0.3073756783630923,-5.6578160804748485,-11.248055056825795,4.143096497760708
0.47369076396236176,1.7419692521211108,-2.1683532790395925,-2.7895235952266937,2.5487688264873563
1.384197897159301,-2.9538922621549366,10.11231687542639,16.592449643995945,-7.626492010354659
-1.7907724219353753,-1.349071159256687,-2.96674166156812,-8.089359365734627,2.7253206122195524
-0.9403870934018994,-0.16777279347975282,-1.3514637328759673,-2.431856814182706,-0.2893815988736332
0.4042739862472269,2.0701896013443424,-3.4549489248614,-4.309136245874479,2.3865589171594492
-0.49931401844865686,1.7938036192234081,-4.835622166944905,-8.160140615080426,5.279466507199803
-1.241082732667135,-2.094044856312845,0.6162080304299161,-0.8009667550223578,-2.432573779024698
-0.28987540261874134,-0.22354863752682208,-0.04206939614321692,0.31324550727238887,-1.1052242964879002
-1.2550333969164047,-1.1721797449576388,-2.6710188484552,-6.369484654407433,0.6935145797036691
-1.188758499751298,-0.5913980425864849,-3.2269492724327105,-6.802888491910575,2.5619169990261117
0.6638020637595279,0.24374887078404317,1.2296834589249996,2.7467490749832213,-0.32898786150413806
-0.1376083699698114,-0.003956615075223269,0.05521046002127178,-0.21979311266641183,0.8802094044417348
1.0624333478612105,-2.1505521634001186,7.356387428284015,12.754949042746553,-6.765407763885451
2.0246699938247037,-2.2698712637491982,10.461350000318832,19.58520337939502,-9.997872045114743
2.657791971773384,-2.218386558941416,12.418042739682921,22.357488733293177,-9.865909508963263
-2.091892015318395,2.047729697649319,-10.791639094671824,-19.101815547009288,7.344254664767411
0.7571420711185253,-2.880387870656752,8.267231587163627,13.744758929529313,-7.845131793138982
0.49439722956756693,-1.7855721984518376,5.150332280494928,8.220198096845726,-3.307199185981669
2.2016715372460887,2.735350668706099,1.3855157662757278,5.954022374316865,0.4241607850912068
2.3753394306949964,-2.603872000602431,13.091851629419331,23.96932841064952,-12.61377600279009
1.5630155490920945,-2.7820713131269432,10.138100218442194,17.78432612480553,-9.648511465506187
0.5727709740904565,-0.6760240515449172,3.125448729046929,6.449181220287079,-4.344688547078415
-1.8044232012860162,-2.09279662307923,-1.7203960107040441,-4.615815050198659,-1.291409649797371
-1.3401696156639777,0.3945813003471357,-5.436008478555577,-10.450452111292831,4.16396628561113
0.6166025328178142,-0.9685141444938399,3.7831280741659263,6.544685736940148,-4.329103604679001
-2.163937414236198,-1.7461835243054409,-2.947985094106633,-8.35584176938899,1.6250964946535311
-1.8962149595366224,2.991610298830617,-11.327164901774493,-18.896117885456412,8.257781165104218
2.4685936176521412,-0.9533752652239738,9.600207543276763,18.21052331817357,-6.956532254236513
2.73787205201526,0.846038691837494,6.648716072603172,13.839053179366962,-3.2345487804756123
-2.9685917704369005,2.2446782388335773,-12.552694958607479,-23.327422376981673,11.073512590572962
2.1748915671185065,2.5343229191902665,1.2999882181532323,4.664028091816316,1.6423606350055273
2.6280814449906895,-0.5392361803264443,8.867898271940422,18.07591973535488,-7.649134882733463
0.1544368293871763,2.8569375477963135,-5.108940090163042,-6.911803449914278,5.186020833435519
-0.306596947142622,1.3473919103911456,-4.20652680660665,-7.80965635306026,5.500138886543213
2.5127969779293178,0.4996545078982244,6.88305609978483,13.541989050803034,-3.369892627669924
-2.9548010595794088,1.1596759962696384,-11.14803262198375,-21.07545666218992,7.8581124611620865
2.042915017480307,-0.8391733611295766,7.852202838189071,14.357001531762597,-5.244443726572329
-1.2205436037417055,-0.4535676977619767,-2.4830956664459185,-5.54578804478984,0.39410302874887715
0.8469732362592186,0.5176143225741643,1.6936446352229808,4.681414551682793,-2.794967733810127
-1.0608118298531561,-1.038995223437544,-0.8989251832258727,-2.302136941387607,-0.9135521712728207
0.13766844623493668,1.6128704493324477,-3.0075760960864613,-5.257971534366723,4.861322660588495
1.8499029734343786,-1.4934791962324894,9.321404437624617,16.643771003475813,-5.78094804917911
-1.9123862539537686,1.7808330588528847,-10.029902416963138,-18.156124084214312,7.9437826085426755
0.9835117141525256,-2.0870559732937,6.781856898055521,12.04154116637868,-6.486304655136255
2.390021013223147,-1.6956547933698938,10.28512192999177,18.46365675194603,-7.953070772004412
2.4063102512939043,1.5185635231875771,3.8214655573663427,9.345757617283036,-2.002995421688877
2.3647256220530837,-1.421150633770948,9.063178354170908,16.47774723123632,-6.378011134005352
0.11078061057283684,1.7723655114478012,-2.390361529882931,-2.1323257159723523,0.33635559445494406
1.6062075193979792,1.7032199799366516,1.7334335648540866,5.481294619259556,0.013232653786134252
-0.31885352823951907,-1.456192564664403,1.6401501856926812,1.7274767348045976,-2.7307072099867318
-0.23901967693774484,-2.561513903232278,4.754556542990845,6.200265864483595,-3.5558496576067915
-1.2968743703005636,-2.001836512285932,0.03278733339694555,-2.466989048607971,0.29804803976718675
-1.2886351871048092,1.5151603708056962,-7.0417255540802985,-13.830903760469884,8.659995290509448
-2.773054068209617,2.0819652329674083,-12.963135543110656,-23.70818226491583,9.72792930526022
0.18882974344100312,-0.7016669275151628,1.978443469874753,3.588237555267167,-2.90565867107773
-1.1474345135447137,-2.0146870125584524,0.2709170823856992,-1.1146248033898611,-1.5893071505448724
-1.8738814022415535,-2.547181503655432,-1.0133736132530304,-4.8809248360691315,-0.5070669046145666
-2.26972308734271,-1.7051038488473402,-2.921164619248249,-6.907395510521731,-1.0438925720470813
-0.9180070202552773,2.878109165674747,-8.921375316405623,-14.172861595653117,6.919849079953011
2.3940633720393176,-1.9783619002172532,11.841183414752562,21.371322659534798,-8.628066272583595
0.09840945272209112,-2.482997968083246,4.903898299909397,7.91555457550464,-6.163011180890753
0.34161584068261197,1.7128411376039407,-3.1523157006599813,-4.521860889310972,3.5166813445528073
-2.6740327192613593,0.6924689724993804,-9.144508636731999,-17.859929598055302,7.21980472711186
0.11907804917940634,0.20892810463384048,-0.28400976264320454,0.256506679170881,-0.8549818816366992
1.0056704457398586,-0.31288468825979443,2.852371481688584,4.788599904601539,-0.5633212737853187
-2.0957086808430647,1.2110477250845175,-8.581865869121906,-16.695154935908022,6.889760257249109
2.9013227758902715,1.1901299616810759,5.6707537570377236,12.33353483918944,-2.4260259658215597
2.4906869267277933,-0.4534445569234222,7.384357261216216,14.201002535358718,-4.984936267931076
2.9586135709418437,-1.5946329298116504,12.403624798161507,22.39096484680354,-8.201376509215466
-0.838098117068995,2.047580736162491,-5.864958344673787,-9.437003852101265,4.193856877448853
1.9337949367287512,-2.012266184395289,9.628565390585388,16.854608278415846,-7.162577557484541
-1.0275857005706754,0.20403788115513422,-2.885013609815128,-6.220664102764497,3.0182058887652876
1.4947774419711983,1.1560446932887354,2.573264275365527,6.627409099592113,-1.6451242109477124
2.6869786958700566,0.833261789979419,6.7280310202801115,14.074619010122607,-3.9784076352069984
-2.0698763022408175,0.7127659832210651,-7.72001288888202,-14.198475445696399,4.851611000444722
-2.1580807663718877,0.9750371708763921,-8.722383073076838,-16.240108826299245,6.4729944434852005
-2.3735730374612913,2.2539294988533047,-11.456517114388287,-20.758080742085106,9.643699669620936
1.7901045856868647,-0.8076445740816114,7.309610412647888,14.360563325765638,-6.1499128940682555
0.9998016306017834,0.7646190399358397,0.8398534968701946,2.65451097252425,-0.544600061359372
0.13389095180203636,1.181800084693295,-2.12407298675953,-3.076209198328809,2.142341265471617
1.6434759237823284,0.5419593212411016,3.751842106189695,8.301500466060059,-2.4967800895174594
2.0995390667091973,2.418015852882615,1.3214890037246803,5.333122875168605,0.021317924334961408
2.697170577477541,0.9286725709076364,5.896613274806045,12.17470342681152,-2.684298794661813
-1.7924937023057497,-0.45342553310038447,-5.136945250558261,-9.548221759931025,0.7350830947134089
-0.3499402418501316,2.073522606865237,-5.348996824228883,-8.590649481878907,5.748758921269568
2.538080050595963,-0.06259201412392867,7.600563171418198,15.182356506247883,-5.521708566601943
-0.2320577490145661,0.18097964342624895,-1.294512935371578,-3.286605397712373,2.422700824827231
-0.07406985590546666,0.49367702413350933,-0.8848974639467042,-1.2118501156865429,0.4088316051546727
2.6546713841820733,-1.0632918771725788,9.40628770672855,17.83518878694381,-6.64496748024021
1.4080577729734642,1.3352389955704744,1.693891932930829,4.148122114496732,1.0379740393518242
0.3122889551202208,-2.411242877320359,4.862487482253265,6.793950684657961,-3.1575165546067687
-0.8562828080856004,2.213095209548979,-7.028161954764547,-12.292876285129694,8.337440202119755
2.49209681320208,1.5272265135311311,3.2940367487034,7.967752216374122,-0.09631813311080539
-2.9463689802311497,-0.878209188324218,-7.527617336408829,-15.82679427192463,4.817700366140776
-1.0739628115016135,-1.6416413698367773,0.050420292663779856,-1.6522920603106692,0.5284258954442527
2.6764389477111683,-0.6726123268117954,8.662035609531237,16.80283542160122,-6.043569467002731
-0.010777218751179873,1.8303154648914806,-4.4022306132168865,-6.636508161459087,3.520233710822246
0.7431277984955917,-2.810575241145613,8.341481107929198,14.143830995378698,-8.292674861658886
0.19569358324356845,-0.19245445864648714,0.17420145073179338,0.3379991622228931,0.18578942462079406
-0.6158357716061635,-1.4753387227746801,1.043752697672307,0.7550101343537113,-2.5711671252723445
0.9916946367223987,2.2497083995200793,-0.7863123613053286,0.8216789889840794,0.5155200902265428
1.5988483611313553,-0.5169505566290402,5.901657171750648,11.212981992686434,-4.56657781835085
-0.81344170899684,1.187389967283674,-4.80063334379721,-8.743792759274015,5.056952756734686
0.5431286922321652,-0.8526450580010736,2.9779029176377954,5.056577598650542,-2.0452447435544006
-2.503451130414011,-1.0218019909735074,-5.8218134428728625,-12.33885244109791,2.585213146940215
0.2855874885531895,-1.0447627549850254,2.8624006095423917,5.00378062802373,-2.6897031551280395
1.4864977892200795,1.0690476669957558,1.3231218886776954,3.9692263061310085,-0.04034596808641827
0.5114630395057338,2.7854453614349186,-3.530140470712401,-4.512435764376057,4.688791392016465
2.270685780097958,-1.751131476613021,10.418105415822811,18.97684846094163,-7.939593089035302
-1.282840876764308,0.8634074079999206,-6.449231906091579,-12.141378416285352,5.8272109900724285
-0.04946358054870004,-1.4073934046329164,3.1794082133540487,4.6478922400646985,-2.244155556657526
-2.475120283153477,0.29610031404808534,-7.677939723099087,-14.612805532982833,4.172344252259661
1.2001254753723778,0.2495931040029351,3.3207346649757103,5.970765861249902,0.12668958315049306
-0.34265093036999517,-0.2997238838275864,0.6896264858347787,2.0905329748700066,-3.381145244894103
0.1821928469018088,-0.008135114987076086,0.6110168835220873,2.2508406278611353,-2.3852684973340255
-2.2296320211593423,2.281386888878627,-10.486589233295556,-18.666787939863898,8.407152105260533
2.984110955276991,-2.4683728488340018,13.9018342655114,25.537896388327162,-11.49043518444484
1.6315201596300088,1.9816988461329368,1.1573758346616625,4.72103190379831,-0.3079654191039221
-0.5962213601942437,-0.2261200122837712,-1.6130953676748079,-3.831279335294408,2.0788315325979867
0.41975830431277483,-0.9984357858003099,2.3134852557974543,3.912336048214165,-3.0025461927056627
0.7123028313311961,-1.9371241533656187,5.097864461917468,8.918134429841587,-5.612621880806142
2.7645961849926595,1.888838751539807,4.473887507398739,9.935254908026575,1.2008022305342705
1.6103316606971934,0.5522533892167201,3.607859890546337,7.047637361421707,-0.9700239324802136
-0.9019990853986695,1.3702543254407065,-6.036491003261076,-10.327628730256198,4.899278841100444
2.8662342501316598,-1.110220460610225,10.680560505093958,20.115859900216275,-7.592068655504305
-1.1892221529972515,-0.6422444262493396,-2.0581097894096643,-4.951774775137989,1.847004949508904
0.4616763908311121,2.4818623729512,-2.933236010317338,-3.5481946291080657,3.3603615215975777
1.2040060712712153,2.767093712624291,-2.2682402214511,-2.332872553987933,4.602251375800684
-1.3732452456498148,1.439053073797643,-6.8013835179002635,-12.368813024756525,6.9437762437658055
2.7381665680577916,1.496556091740179,6.0910019903634485,13.018382691751084,-2.119082379763195
-1.703340586417633,1.1664016624196245,-7.067823671812761,-12.31488450511164,4.372470631713612
-0.3493606565964047,0.5232596168434429,-2.479333688108568,-4.368776148516689,2.2939722874461568
-1.9207601901187348,0.5704699796360275,-6.852521634996718,-13.081296911709599,3.8109392548475673
2.2499252326374997,2.7828173421838054,1.2765276841206759,5.669194201331647,0.5298687470570829
-1.6703926795016297,1.5054691606297173,-7.703386049007244,-12.506196461569465,2.624015265705007
-2.7915514007911537,0.9320477765785977,-10.219218539470532,-20.03263503971054,8.796609793240469
-2.7663575848176354,-1.8655823827244393,-4.326092784510914,-11.438878427597132,3.4608133639310266
-0.5174797478042872,2.862443848563341,-6.76748386884236,-10.687867181961558,5.723121996846388
0.13666565172780842,0.12176021834420325,-0.35943390822625854,-1.5104717180581355,1.7276013540744914
-2.7501682096551736,2.662279378477084,-14.23536574077352,-25.9777832576671,11.787481179653726
-2.4428079213910907,1.2813452254290523,-9.586700965927447,-17.454812555579622,7.509918565986155
-2.4152222730396034,-2.7595149642325816,-1.8032750937691,-5.60206887402316,-1.3282799993214645
1.011007708991059,0.2339729985297785,2.996632613244727,5.444356435158112,-0.24008969171428168
-1.2011098769567488,2.356092711631846,-7.771677968555109,-13.658899650095623,7.771499994459816
0.3754359201052635,-2.6893158869494194,5.579739695541476,8.651893169700342,-5.266951846310846
-2.5578241735519476,2.2003653019589766,-12.492720725802076,-22.408095331642052,8.913709778262884
2.352693361684211,0.6803477533260098,5.63481303704959,12.355376424824733,-4.43923537615855
-1.173400389461581,-2.7328364278767756,1.4336165883639884,0.8719547992727351,-3.6565984242842893
1.6692043412221835,-0.7584100159879728,6.287950696028887,12.18179067828693,-5.648194109891137
1.9602184250620276,-2.818976434535954,10.879268861255698,18.879624542341563,-8.07890080403764
2.927451824075467,-2.989702213461954,14.542462669457557,26.62621474993148,-13.353635015837545
1.4462334231945189,2.3785507770670584,-0.9014171129664248,0.6106203114517567,1.8270521987581485
-0.3431667114460639,1.4914698052622146,-3.8401277680877715,-6.0514266917818045,3.9300749101771597
-2.0842331016405575,-1.2631679571031682,-3.275153307528515,-8.060586230086276,1.5417172839140023
-2.712766626695296,-2.3177368165593424,-3.2984535513758586,-8.836266272579913,0.36763246483787154
2.317558903480222,-2.673404507958801,13.598358367409492,23.70849799472455,-9.328455088819158
-0.3200196486738003,2.5033339843029303,-5.497295014236958,-7.973891427798147,4.721932262392315
1.4997820809323752,0.7533411131562251,3.4433389086197965,7.135457089552181,-0.6295438882434536
-0.022017116035326634,-2.0366466740106,3.9661907049033633,5.451704539715656,-2.956515600906402
2.2779868629480085,1.0887717806876775,4.502988245911284,8.931478388761843,0.5018740563622338
1.4979920548503536,2.9933442967952812,-0.8561586465240613,0.8697761033552944,3.38122518571448
-2.48725344391734,1.7281645223445485,-11.044604354619842,-20.84025162483836,10.058323331468737
1.5128814338494454,-0.320806158070158,5.197717237322742,10.183269302144918,-2.4736661311272092
-1.399115107550491,1.8850600236865702,-8.053557253499152,-14.869322459192892,8.201645841055944
1.6383372692768532,1.4658400914624767,2.253310617186985,5.750431545491718,-0.6008358221429921
2.6910900075047053,-2.468080813236151,13.455195636880624,24.10226673336008,-9.564645055613214
2.5807932539818363,2.554179751831084,3.1661840341079612,8.006482137340239,1.1016203469927224
-2.2499986052160703,2.304619487638398,-11.511110926606655,-20.598544997633805,9.191569969189313
-2.6719665647607163,0.5433571380397941,-9.011534041727066,-17.589330873101897,6.742140618500204
1.6618898394996506,0.048895234251441266,5.053562005695725,10.175987560855171,-3.7224216698224577
1.2597702735857919,-1.6335517436152571,7.778515614818955,14.338575812382452,-7.534341308439158
-1.9429651378788932,2.0067473376598457,-10.73546559580379,-19.46041683069505,7.6307882815643895
1.1074040002259569,-0.4086815425180048,4.145297812157873,7.71543176596406,-2.7556442729804687
-2.907072804635857,0.4758401472669398,-9.994433037936092,-19.05171827556861,6.445145137763321
0.7869725090551292,-1.9794750901668263,6.053603436941716,9.96488750397188,-4.933625137382634
1.993833335406821,-1.7170634508573837,8.990382041589923,16.011403053996325,-6.721965509171142
0.8510340054332928,2.9112079453457147,-2.999753232155103,-2.753517654644505,3.3697785056574903
-2.607621475563847,-0.036000180615466615,-8.976232529263578,-18.378476669688688,6.677379006468856
2.9458342239895696,1.8944572704205367,4.979360356374352,12.436794834859622,-3.7297413260162844
-0.8634511252006813,1.9783800152126005,-7.457885059939021,-12.857190476805895,6.696953220977677
-0.7171308506674761,2.889061983551829,-8.275769806987864,-12.877983297870102,6.280097952520491
-2.4914919761517753,2.8974240929058865,-13.376195747614991,-23.88491829011817,11.200131684625894
-1.9972939100283829,-0.25826749085155054,-5.678167619457324,-11.140472269867171,2.582348461734121
-1.3729452389075354,2.7019222651090704,-9.18210621610831,-16.481868758232764,9.995114716252191
1.7952142171798728,-0.8072734831015507,7.6250221695212925,15.083817796995426,-7.673778599242079
1.150492846916583,0.6458347611999793,3.1388887635480356,7.268257524979765,-2.8261889169233476
0.5018929785847575,1.9302745797928917,-2.358627631025772,-3.1097127694545654,3.8798895381705427
2.183359287293034,2.482719224071948,2.16518173594696,7.245547269779288,-0.4169556203366371
2.9868311400783627,0.14303534535144458,9.406396170302779,18.32224324188592,-5.538588070868191
-0.6913532507041991,-0.49284325131248696,-1.3265056327308316,-3.394520232385892,2.2037818870634087
-0.6526594320516743,1.3711083218390048,-4.0836482584772185,-7.221732775317179,4.216822017185203
1.416536253196858,-0.2644345898109983,3.6906349613020883,7.576833476660177,-3.1501848624386186
0.8660929662450911,1.0308085761776926,0.6855145952801258,3.026002247917278,-0.5786900596961684
-2.9196393125976163,1.82531344735421,-11.60681411482912,-21.61279003071563,9.912093174642001
0.9325638284070266,2.0467636063294066,-1.2461775273239957,-1.0813010759907464,3.4809280444356734
1.3176503397791368,-1.474115749905043,6.8059877781922715,11.649422613040064,-3.9248301837285
2.9156195524521795,0.42874872623788995,7.791648319916872,16.05808167782706,-5.196182879610876
0.5206260158723683,-2.8497944199255993,7.995699001780499,13.156244354160746,-6.670138689849383
1.1065068665646374,1.786537269607999,-1.0493935513001023,-0.482294906441039,2.515289691940073
1.7324862316473801,-2.2494289619549814,9.50081506558114,16.337349765642482,-6.781410145066887
-2.424242276595629,2.2301070030075048,-11.311782315263047,-19.57924515370305,7.085727837546924
1.4079130554530863,-0.5591423707705472,5.5009694557715285,10.132796099779345,-3.365061766735484
0.28119428345220054,-1.9963903330616095,5.4297984852638725,8.446781478058202,-4.68092872541881
-2.3995465024155767,1.774889486398508,-10.40728757530294,-18.466021982504667,6.829188330937532
1.0192850583846385,-1.7982816777993171,6.418480151141124,10.897434908550053,-5.108144755898019
-1.5929743518739021,-0.6335119579496222,-3.2211668052745326,-6.819886561232594,0.5883116037873763
0.2273871204060569,0.4012571773006828,-0.7801454034883348,-1.596616782061442,1.5971097053522214
-1.314238741704505,-0.8398203687737285,-3.2716705721690893,-7.130119929856135,0.4014904759749154
-2.372781738179821,-1.9258275451530535,-3.5724447262793584,-8.703120026850064,-0.15586508182714476
-1.494813496194729,-0.5634372237634162,-3.317618517951249,-7.756821960915772,2.9320706125880447
-0.36716026735045126,-2.134533776469336,2.761772454910328,3.121974239633911,-2.1151144755615507
-0.03522684796540787,1.314932775571637,-2.648355895748226,-4.434196322307732,3.3394637242640774
-2.109114484201066,-1.9709702140870453,-2.356139318453203,-6.947261800868772,0.7597677126685977
-1.0741282540035624,-0.10570478177767306,-3.941030308733968,-7.1872258016824535,1.8466696589692853
2.156343860319529,0.36226952216924957,5.4746529446703045,11.44002232585072,-3.158589945300215
2.462292791063426,2.670401636124036,2.5165940121312738,8.677604654417756,-1.5929588137128725
0.21109251918418925,-2.5304498753945914,5.9374345163437665,10.085806727868981,-7.1495082930933025
-0.05783035151220517,2.582731650111575,-5.687181427505776,-8.226186136861301,4.25339850139669
0.48845474793036203,-1.750641856048315,5.276099122245438,9.52874663545011,-6.044144065766037
-1.7125832646803452,2.04561758783857,-8.351397854880721,-14.07721310059092,6.120144422551757
2.961426894537687,-2.4570284749339493,13.586109056410299,25.56744917084267,-11.425476876074951
1.4716363258340364,2.9322142636947737,-1.0788018340856182,1.0469408489372385,3.2087703560071184
-1.567524723362719,1.845796517333003,-8.102365543623899,-14.015773354558716,6.6133674295188385
-1.3671215561854706,-2.6222934039122423,0.9045299611334126,-0.48426891406199324,-2.9077346351824223
0.8904743253880953,-1.7153337394079071,5.535691554350567,9.136317169369551,-4.8069657330016815
-1.0629208248606095,0.2912699587065326,-2.945969127288132,-5.177578780679402,1.3378639376539858
-0.8680993681226159,0.14143206684222465,-2.342849916543696,-3.91536594686739,0.7652403983796815
1.6856560209614937,0.7756152177364504,3.36671643398609,7.208841950663836,-2.357308699142898
-1.3984377018883078,-0.21895993704969063,-3.1506224015064026,-6.948825168792994,1.8698724998055405
1.231447179175266,1.40498583477744,1.161799106880981,3.4530758921751583,0.3922500651585423
2.6093091805822644,-0.9090863775219145,10.24920669294757,20.267696435713205,-9.381084345527189
-2.255189058010574,-1.941678979293703,-3.778463175384417,-9.6171650224897,0.9558650019346329
-2.1342948320454367,-2.797323089879945,-1.0123840879381665,-5.374158358530965,0.17224753510295132
2.657238604870895,-1.0514063232450777,10.861247752119047,20.151821738433867,-6.54487953074352
-1.7788844565846877,-0.43872700433608713,-3.133209506132465,-7.157060489005255,2.1639506081926507
-2.8745950104075173,0.9544122888139026,-10.727496572737417,-20.85701700031344,7.7357293289913445
2.211047496120596,1.8387380773442352,2.75207448369674,6.643411919911911,0.9610658989421831
-1.3061826780091743,-1.5596231903765798,-0.4577706601509747,-2.1723575583259067,-2.0090099308060125
-1.2098763896292934,-0.040784554384092786,-3.375929837217991,-6.887311784030922,1.851078359193568
-1.6384731228892697,-1.5975967665271384,-1.4535850427600387,-4.237541132343177,-0.23947074000132756
2.5060013888308745,2.7069920923792026,1.0228777538265155,3.604036611840176,4.380654707044587
1.6465118820057594,0.8852805409716464,3.049604101681336,7.520701073178162,-2.620163165188336
0.5807547358560265,1.0674144042960192,0.010109955998934161,1.0465774257440215,1.0183125863634321
-0.28045010594545694,0.18734489614154315,-2.3932285312661614,-4.349104992896406,1.075635319495511
-2.138819287438343,-1.3090213862093931,-4.607117555717354,-9.762593651639696,1.211514974025871
2.5559206231028506,-1.7974207143645642,10.375651973376664,19.13780776610623,-8.379517543637592
1.4979815829549255,0.9398730844979442,2.939560805750248,7.8747962161969385,-4.2159673460198075
-1.3266987721728238,2.5302431099397378,-9.505389369368897,-17.420397758193918,9.604844965172228
2.684976392644188,-1.7226378178633464,10.899724612593989,19.9180297450145,-7.69215671480192
2.611145646989394,0.4305860062406812,6.999755664896554,13.528363747065203,-3.3254440242953835
0.9571129638773073,0.17594983078198334,1.8991532638467126,4.131456027141885,-1.3972759440761462
2.9100213423094026,0.8499185785795951,7.256025353113704,15.400220330469457,-3.8883055740317625
-1.8765105271152394,0.5267396595267759,-5.476047435118051,-10.97144595133999,4.4453055219549595
1.3883421575261998,-1.3632323596067066,6.70714185528075,13.137805832602616,-8.262940445983261
-2.0869433182095465,1.1486501503132365,-9.529643664774643,-18.09035273255091,7.663632314085579
1.150147248086367,-1.3640411203215574,5.9520761606609,9.437018655967421,-2.2569174410694886
2.519110918252858,0.9179620786159282,5.966389447613087,13.19083351351898,-4.7763002974271
0.21658536920171567,-1.2003998814219103,3.2455663570804316,5.638571413430837,-3.1311265983351904
1.5783998251607088,-2.505463537523174,10.165345623751987,17.585481141169957,-7.7257865666489
-2.1412696283373442,-2.2366601690369494,-2.247385812248147,-6.337249904837348,-0.5071891769971169
0.7991674223386029,2.004577484626531,-1.7516697379679265,-1.9738843446865157,3.789748685860963
-2.620848623206113,-2.271868433287088,-4.544781863252176,-11.57000480275022,2.404663635972847
-2.7786127429484626,-1.0169206756052978,-5.994971220101164,-12.810010498812813,2.9897896851972914
0.804375495816867,-1.2741494913913434,4.306340718146119,7.800700004764393,-4.390571539182105
0.43685148099693905,-2.6528417452734323,6.716267497834115,10.667587467502896,-5.613743224548078
-1.0244931488743143,0.59711720023566,-4.703333711557808,-9.050756163578484,4.807691411179992
0.07757766106651642,1.7927128252568743,-3.3961262869110658,-5.0201479529777195,3.1045057723607656
1.1060409006190621,2.953978721592474,-2.1106210581639533,-2.2904581676377296,4.912135424042499
0.8683669062465893,2.616192509878391,-2.8458764260815945,-3.2153406392377195,3.7981660815326053
-2.5582049312932305,-2.704043329958098,-2.6363572660620114,-8.967040987070332,1.7543294230910327
1.0687159288287695,-1.4549478086745888,6.1173334256415135,10.358910250893231,-3.640091619620211
0.9571984756417091,-0.527290430819888,3.604933653683941,5.971379192732627,-1.9751466952555043
1.0176839500105137,2.2500860841790438,-1.9180283243914436,-1.3218421931452389,2.6788080956049876
2.0841195680941116,-0.8394913298960063,8.864636036608209,16.52431697516846,-5.35623884465993
0.46021585611771476,0.42187406350655055,-0.3905230735129598,0.2597791354126836,-0.6765324151169632
2.627405149118216,0.9575579852735814,6.29402854210729,12.621998980771963,-1.0833598122424075
2.880055677780737,-1.2122475805734856,10.996862260004995,20.65972654251207,-7.294638702939158
1.51106299084279,0.49164326528194024,3.1369851175789214,6.807887627739799,-1.8850893875167067
-0.847909477154217,-2.694686967621525,3.0193459467906885,3.589041168212066,-3.9479310439564212
-2.1414095063423595,-0.1189002955727334,-6.169225483408025,-11.38055562228693,1.460916075296761
1.9208395141690833,-0.7287855686940934,7.880354719541632,14.048561283207667,-4.543657985600378
-2.1202059843935124,-0.8654724157139224,-5.196924209497396,-11.638107670863155,3.6023976101427926
-2.122983467842408,-1.5906426041336543,-3.445734820546135,-7.483618970600515,0.0009197565067009528
2.514255336746718,1.9064054162038824,4.235756385019273,9.917378914695266,-1.0295755874561556
0.3592360458175472,2.2915380273541155,-3.6078488279620267,-4.7032818013663995,3.5461670347487315
-1.240002160418955,2.3287708606303905,-8.10417166339753,-14.34945505940605,7.301746663151535
2.7779033136052877,-0.6233580970286385,10.18782760682618,19.05530709647028,-5.582618140011169
1.2439841099060427,-1.4450322119615222,6.903112634940426,11.953424631643811,-4.4278617028472596
0.20906705521703728,-2.409526244555259,5.140687625687431,8.860660937546262,-7.261394168575661
-1.023118471367512,1.034446015736492,-5.313743234709819,-10.176317517721543,4.298652914329479
1.059699188336051,-1.018993409449988,5.8287266472986845,10.489352057468881,-4.651675689739445
1.385371005928282,-1.3400024088920688,6.913723876253517,12.360128303607954,-5.052452767836356
1.2726610824625002,-0.7713712799733612,5.258863620204227,10.204526940615448,-4.909142091583588
-1.8279741071059163,0.3283420712008125,-5.9488014742684365,-11.004817560239886,3.0321810874038313
1.183465421789828,-2.028448424038096,6.9651790757956995,11.955786493239895,-5.714703320397633
0.4886812538109071,2.7680252946136,-4.188383248549705,-7.203606110502022,7.611316321860434
2.100457451538345,1.3956845672433644,3.4707353716363643,7.89253940254136,-1.1087079968360438
0.7486128060280075,-2.7192860187355508,7.636968965547513,11.955642251423178,-5.3208343649513665
-2.1223399101484075,-1.1592732863344986,-4.24560691750624,-9.071146158606515,0.5221354843396516
-1.0888037032149647,-2.6983653769868634,1.9759194852521271,0.7929461313168829,-2.74447705630576
1.462905991639584,-1.623064803779118,7.577863626359873,14.374408681681782,-7.548417738283759
1.4397706890346367,-1.2804546605665599,7.610360264394425,14.144360351173406,-7.131685592807418
-1.6637112634185685,1.3078783676082342,-8.708438258759067,-15.541599237720488,5.500835641722524
-0.8724400984050376,1.312439132917664,-4.8927121323195495,-7.345099572617853,2.554789947371727
-2.908082150747571,-2.7280481482069354,-3.311532790376747,-9.823027233657415,2.1415593226109593
-1.0097727110709576,0.5287658810261879,-4.117750631687856,-8.516707688758428,5.3235556581238885
-2.8419658950388182,2.7654637871552445,-14.259922787873414,-25.660882284096285,11.610640999279044
2.237224246328445,0.7701902717865163,5.422196102366506,12.091620658172422,-3.5608492258286923
0.9998834659450586,2.7632839544715075,-2.0518139957106243,-1.6727857010104654,4.697882969089773
2.81488662286593,-0.7166452981809934,8.929851991934108,17.16125186629757,-5.60428589224724
2.3515454420882174,-0.24133025308671785,8.584266563099622,17.535721977189105,-7.324120131829005
0.6208516915188409,-0.02708092802124895,1.988777780303488,4.509504581829259,-2.049511491248462
0.017571980233705098,2.543682568230091,-4.9798061704583,-7.706816863520431,5.34668159476132
2.3023469444080433,-0.7183136829012406,7.646560242907178,14.710478366566422,-5.5423960954204805
-1.2095094773591601,2.9005104502016783,-9.715050844914346,-16.9974494520805,9.536654967485543
-1.6588905549586015,0.2587562108605903,-4.814650611384504,-10.095525822278198,4.536680101447891
-0.5398732910443687,-1.6912756647979847,1.7972697523460912,2.5823756293019344,-3.8527884479873253
-2.6808129277428483,-2.377871708416801,-3.0788163751547466,-9.602106520327872,3.1751384388331583
-1.1881690505400602,-1.962763498794706,0.13042403126316765,-1.6064192816003688,-1.9860741444808805
-2.497918039865756,-2.7643035424768474,-0.9797633821040699,-4.908977482362028,-1.0739735048730021
-2.684034377747618,1.1538615195898538,-10.436456646558868,-19.444671709582167,6.558997668254168
0.3080388949652906,0.10142508046394472,1.2865219581998417,2.3319704910596606,-1.2973438334084144
1.2489912836171984,1.427543355336537,0.8162518005199512,3.6308552982106175,-0.11128492635836718
0.22004712256881342,1.693572730054484,-2.553235892847125,-3.524010782784898,3.6384412504122827
-2.5765357406055482,2.588178928314476,-12.729865269754733,-22.145829912959076,8.459182640782338
-0.6301838952154633,-2.298010033867018,3.167752273217057,4.146922572555706,-3.9914760885436613
-2.3342913876511853,-1.8833805352869404,-2.866727568905007,-8.141744460168127,1.437606968899894
0.9003818697402313,0.28964592925988475,1.8848192223138,4.330566637839883,-1.6711241657325753
1.9584388134235953,-2.222854122688913,10.900543963315615,19.78702986761132,-9.603712442534764
-2.2997656643494637,-2.443669640968694,-2.507026963310335,-7.511228878331798,0.5443102987331477
-2.59888340696691,0.9980255930833906,-10.384474032763034,-20.145101798470595,8.343369065145348
-0.5642883507824337,1.3482690946112923,-4.535112251085068,-7.291637089365266,3.3176936834794706
-1.1791579408998167,2.060402957368341,-7.461579136060297,-13.345366107019593,8.081497392116194
-1.4358608952101175,2.494480070308004,-9.807671942250526,-17.550872077684225,9.4266059583931
-1.731623184276912,-0.34500333207240974,-4.543777875637268,-9.168822735481388,2.347081755416157
-1.0984499001508716,2.8792460292582964,-9.74622398813216,-16.718611525469772,8.572851579890981
2.79224661831086,-2.772678043784488,13.787315159763235,23.819568286370764,-9.037494495506667
2.1460256668888578,2.2207657321036223,2.4824639330902807,6.704749586144085,-0.20977639603076625
0.6081425361177164,-1.071144851577927,3.544920283623175,6.221619495420165,-2.572788763751557
1.8028473633795876,2.5302870127683468,-0.2628650116149729,1.869681814771913,1.8564349232303092
-2.911586773482308,-1.6643736778611806,-5.216700544323399,-12.148323880449007,1.4469101113491225
-2.3312680876733607,1.4459619266871382,-10.279523756857067,-18.982063429459643,7.633936578688892
-1.2452307236167348,-0.4472593438121679,-1.6297472732653424,-3.4786036048870406,0.10532627516642379
0.8633939988743835,-0.7112109598456873,4.108597529125939,7.56403945577067,-2.699061414489422
2.300483925627894,-2.6434832922822613,12.700731962397024,21.093982952433667,-6.949857585664642
-1.6131590490779182,1.2354703603045412,-7.9677551814414045,-14.727651438644289,6.872563275866673
-2.1647852604928945,-1.9478834382202417,-2.36990457162975,-6.945862772160744,1.1863758593351745
2.0875161206044295,-0.22204099085512174,6.2035830989602845,12.200440911289691,-3.730708699934046
-0.5451861346724218,-2.1521513149834917,2.579190130410996,3.5400754476874527,-4.758888840351733
1.197050641028616,0.6268669087920165,1.9612827368606292,4.013201529456474,0.563699085931211
0.2881723085687016,-1.613632591683179,4.611634651412819,7.644768647829354,-5.086245430495298
-1.944531582904861,0.5663791849876145,-6.805777311878002,-12.806653656002624,5.381399189376792
1.2034519056061814,2.6796946822959393,-1.6903285292975652,-0.855727185586455,3.5521346951529282
-0.47533088313538574,2.5255110023013225,-5.796483718659752,-9.721993797346896,6.317830120975851
-1.2735087709762283,-1.7972138453460116,-0.2181659117275836,-2.8354937826923488,0.33648062782059396
2.4161897104455248,-2.404886343238127,12.573535221437826,22.72490963584241,-10.628078303477531
-2.964085066316877,-2.744033385986599,-2.5038902875477187,-8.0619926796322,-0.6171804058517885
-0.5707816080915102,1.9710277180595233,-5.584325870933037,-10.161534114185605,7.379754875491501
-1.1969280340638297,-1.5041545064435542,-0.45270765774953625,-2.808630956117528,-0.43652506047785683
-2.6731230546796754,-1.2963758138647865,-4.949344230827642,-11.845349970441662,3.486285330598849
-2.5174603819833,-1.6425283299068067,-3.5489466433670103,-8.366223478884914,0.38586541780836203
-1.966278636518742,2.040503731331772,-9.915741109906243,-18.533114756105135,9.342524945008151
0.029998360013355096,2.8734119724378138,-5.975545974969514,-8.367480165059575,4.071126881414114
-1.304138679591488,1.531119905580212,-6.541371885938973,-10.471765382387968,3.1078682335932806
2.0271540719741843,1.9414671628151412,2.4843648692301823,6.539903577096857,0.357388344698377
-1.5601445963978826,0.7230027631160265,-5.697962218459609,-10.979808071274451,5.187244929173288
1.3213271907354613,0.1726494503788718,3.9680534249230566,8.580637177063716,-2.368043149337956
-1.7377399406021228,1.32946802874309,-7.768772629470408,-13.666072932143297,3.9588643091774562
-2.7446846233545337,-2.785422727162678,-2.5309123280403765,-8.093458076464024,-0.12061148128062532
-1.4122696483548804,-2.6315968463796198,1.3775072815562526,-0.09645522450241589,-2.238560049666348
2.025411153864659,1.1236409314571016,3.104187902524354,7.116218546964954,-0.14179585107216808
-2.5064931403543174,-0.9895802124776516,-4.875478773576701,-11.16638294428965,3.3938439782772405
-0.9330260229734009,-0.06699386131035201,-2.440100921690129,-4.49144639682731,1.1570726100713529
-2.951899110677525,1.6919553819594606,-12.662675787781208,-23.55568394917226,8.815442374668624
0.7814674210908858,0.4629474504416038,1.5110643515143416,3.1224054708099143,-0.16308818048539753
2.656558708359184,1.8315712479783466,4.96582867471955,11.795535877761806,-1.6430828177664396
-0.6938029420416179,-0.4850685469761391,-0.9661333313725765,-2.60649675433288,0.22052864982064785
0.461507596649148,-1.2754598821707315,3.569414318258853,7.115114120029444,-7.06091519959909
-0.28629296034670615,-1.5909785466967874,1.6858320233122515,1.6562848728413953,-2.1317094050619927
2.8399844393321,-2.2099142935608174,14.172228506291601,26.50464067679476,-11.85377907335406
1.4159919699360524,-2.77922086635625,8.93695967913967,15.312050025630297,-7.991073470304185
-2.7346619898856197,-2.6811059058995728,-2.673317427957576,-8.103064217197716,-0.5531345909059283
-2.3476520038025077,-1.3740070372031148,-4.588206408204163,-10.330289167030916,1.4395292477985522
-0.17711500763205157,-1.32952443393258,2.6489238959318575,4.073568489754986,-3.7018197544037506
0.7904755756583546,-0.7092928258007358,3.181858529892744,6.897810403616154,-5.484661495534975
-1.2576246669466893,0.549704227437033,-4.068097158265447,-7.635035787371079,2.4680665148271954
1.0478682578897534,1.555797210792364,-0.030520532815118337,0.1913561590749664,3.7379300482633697
0.4591523770652479,-1.8137699516474566,4.894925186838718,9.070600818319187,-7.818826050521404
-0.3894445324544735,1.5554890595939357,-4.435944044460677,-7.57121964955698,5.239010437950289
0.49378215492668653,-2.1660628332517935,5.517175325118554,8.911520846441622,-5.161615237218002
2.4987811773108,2.932161724139238,1.4476695446458903,5.555612428458217,1.041558974978968
-1.5407751675619663,-1.2897973015043196,-1.683553910768186,-4.956363217595888,0.25492701374378296
1.7472716018173715,2.0240100882248955,0.33292995134925163,2.1305390545193448,2.2156354366953117
-2.928257062322711,-1.85720503266508,-5.4448523101421,-13.748152835990254,4.5222048417576755
-2.4912100453428563,2.70385668262354,-12.133773830854725,-21.922436182583034,10.435725031674767
2.6981131669242684,1.9597607112732716,4.129602471831638,10.476089832121888,-2.0426555247847116
1.186371989054793,-0.8436644367177952,4.960228801782896,8.253584536010777,-2.505146564715653
0.7999032524853269,-0.47116964343087275,2.7046562763343176,5.190814663488772,-2.4155779033182867
-0.9956683933596886,-2.9769720388621437,2.381822592104643,2.946546816175747,-6.734232506886609
-1.8939769204993466,-1.491406534122205,-2.208015617634734,-5.76403991663253,-0.580435559747964
-0.720503564874341,-1.2642212642882908,-0.04437678559603697,-2.0477124160370965,0.37524297149225033
0.5903411574603714,-0.2835678062404292,2.7404259633097388,5.398540689826836,-3.223711965008226
0.8062911082023465,-2.165701116029,6.260018242734922,10.8331410827385,-6.520696166224753
-1.9826960108296114,-0.12739867126650406,-5.756163719545226,-10.98761119814098,1.8002073403004677
-0.3269884785102066,1.0108109125155122,-3.037131202785143,-4.969601887031641,3.3789599059692037
0.4005508168772707,-0.7723062111400889,2.3694370115004126,4.268787389258659,-3.302133877326993
2.7597648566035096,-1.606828346606844,11.531429752540626,21.881135722780247,-8.866254474817262
0.29653862751276705,0.28629892172336824,-0.740932076330374,-0.8944315194968857,-0.5674118405898156
0.48359646064595463,-2.8259765822383383,7.0584863927454045,11.450170990850221,-5.890685001504135
1.5911321083875762,-0.954975295341312,6.9059297240686615,12.53745859354147,-4.383947617991018
-0.4865283254931714,0.16554145744808402,-2.2081392252758727,-3.7735262512400487,1.1629843805304738
-0.6967929533649477,-0.9849431028088658,-0.013991893429689234,-1.2808389765008497,-0.8296334901675445
0.5454552505974473,-0.9274114434148335,3.5679273766604016,7.5096836074528,-5.7862885789886676
1.6998468635074797,2.0897799758232196,1.0168050786645235,3.803478886611683,1.1941426515534477
0.8254902980982841,2.6039507231709873,-3.403839412484399,-3.8024373468643433,3.376365010096184
-1.88321310269272,1.964355884091952,-9.530765578321969,-17.735930893398617,9.561365105745283
-0.6137983157895714,-2.406795299529065,2.111056194920136,1.576950155466173,-1.9024616101014193
0.07558078997502227,-1.2615453337140223,2.4351123592992163,3.314069837771068,-1.853173167873943
0.1424663080984936,1.267766200149989,-2.1100634236399625,-3.635993306838059,4.119345310804518
-0.96242916630721,2.846356770015949,-8.475829296997814,-14.392506325068123,8.679380770017154
0.1344878533744689,-1.546310709179516,2.8914332645747614,4.416743731743583,-3.401294686295084
1.0378523517440712,2.3892628745358033,-1.8070538062476607,-1.3485474715045622,2.7936888498253127
-0.19216372094832002,1.4340899229784085,-3.0473975884942077,-4.064221569012668,2.743114123680426
-0.2919158181466557,2.900702198277193,-7.1669963602063085,-11.898997145440438,7.686569905307598
1.8094969478969007,-2.4384871095495955,9.228646709697294,16.367468089268467,-8.437958748279033
1.5410281692577437,-0.6315255108417759,6.150919340076136,11.374025724386334,-4.094570113712344
-0.4655702809436466,-0.13130998599299737,-1.6051947037237806,-2.7771108085039673,0.5476783271179967
2.9760800522706576,1.0324957514674695,6.543701406361317,14.511582934098978,-3.991799672489383
-2.6011740757947934,0.9238322176507738,-9.585885682798697,-17.74143727780154,5.908916591854585
-1.0440255785577008,2.4380720682853845,-7.969591563232314,-13.581794932779967,7.392728134034903
-2.7790169733999672,2.0320387355299907,-11.890358393498616,-21.083999579092897,7.907126644769332
2.0368162943317776,-2.667763986502922,11.32505514610027,19.15236277729429,-7.699379878526293
1.5337813578072161,-0.08075926194067717,4.797015287453473,9.736414407342021,-3.8595344757705212
1.1020596118823311,-0.5576326186854024,3.5749897354556595,6.661459133530947,-2.5371342706399957
-1.7131666606074538,2.982867519152249,-10.791127714310798,-18.182394325564587,8.035896721509475
1.246313089992114,-0.4364508345330522,4.266148990041495,8.057978662624913,-2.9087801565050113
-0.8681294552115655,1.095714840016118,-3.180284422560924,-5.756878947081477,3.271437287392675
2.2114170108757953,-1.2934234011966566,9.114295392233778,16.389244044286446,-6.53633747964442
-1.8029901306367007,0.687773735504261,-6.572320320950223,-12.462771690910001,4.516496510670732
-1.6929554275772887,-1.7602014682894,-1.2396095198720294,-4.369478719157076,-0.32242914258490357
2.7635177420697428,0.6216399338976712,7.002936575054235,15.055975445135479,-4.166486095245446
0.1021208865579597,2.209141431527886,-3.8935401166209123,-5.101017666927475,2.9618077443593633
-0.32168556102012014,-2.884573251324677,5.931813728773672,9.0029677454107,-6.164706090029421
-0.8895077767385158,0.02751845723607582,-3.1004366653704434,-6.160521108491535,3.2609226812332754
1.9872751248344747,2.894223746138387,-0.9482564322289688,1.5300170689241823,1.0813041388842932
-0.8837547143154416,-2.04442486531008,0.786138131110093,-0.5946186019340828,-2.1921538815420125
-0.8630581761825518,-1.8995260317066696,1.7085082816399553,1.4154148102993718,-2.756577804256582
-2.259995095657388,-0.17505767339074207,-6.669398747976633,-14.175225680911765,5.56560995742831
0.12435830631149969,2.225959081961456,-2.9128874020747677,-3.1605323809579087,2.042622360124212
2.542499946099653,0.37655765662268603,7.237941150578982,14.807533284312488,-4.86106467551364
2.7452353761519586,0.05225186742350463,7.804689579169069,16.230058176730836,-6.81314200775968
2.9730932517630464,-2.479457645372273,13.48893648406413,23.89490871813516,-8.821835921628944
-0.16157676814656652,2.771916087448086,-6.251696190055836,-9.977183201638484,6.354520901671398
1.6496885003016324,-0.9173044111218047,5.751434092374315,11.058601326789564,-4.455653134395828
0.31520839371231,-1.489157087114624,4.062811496151291,6.799560984339636,-4.5823110220885095
0.2877464775299643,-0.5295363315416903,2.2690736787995243,3.417046149361269,0.18164747385939706
1.8374454642868443,-0.5149070297650811,6.058485736488501,12.063344046082307,-5.9764856193960085
2.012147872183328,-0.24880134763164286,5.758257695792422,10.615316820242958,-2.4485611696865632
-2.88124047350155,1.1312292112749907,-11.361457626080824,-21.17770588550819,7.153070430317683
2.65673912543322,2.207679411686791,4.053472193968959,9.824798570036615,-0.39930089612909864
1.9379011896377198,-2.656122719238863,11.527559541030142,21.004734124297467,-11.29088983194735
1.3266525857702467,-0.05538861199976841,4.1984035492645235,8.39786369926514,-4.057316158543085
2.1121942363274187,-0.5161312510435678,8.189780170952458,16.035454676408808,-6.811982330248558
0.22357954781524292,-2.9347193230870605,5.6956333575720866,8.416026117758046,-4.592957711742268
1.6395811279385173,1.8989367054150126,1.0166808471986277,3.976136166987581,0.03521336335477754
0.5918940255372589,-2.37412079327566,6.804031766661294,11.27542300749339,-6.040875820762716
0.25758434390408924,-2.3115119429579707,5.790661460783053,9.62264154029241,-6.2358903833719905
-1.7303536660769523,-2.7102094916897803,0.6312354406561878,-1.4792227475524764,-2.5259591873398013
2.084490177809853,-1.7974701971130969,10.210369749495381,19.35442351103935,-8.566509532511857
2.3032260996971505,-1.9391023106730105,11.447629276007975,20.588087202906593,-8.565527344837765
2.8271557467258166,-0.912804983469031,10.687661417742163,20.892847456374042,-8.636446097447358
-2.2773680043863,0.9556223655061782,-9.320555987752089,-17.403401957398493,6.521844084911238
-1.2505548332165841,-2.674234634229126,1.3693862685950582,0.6812381071145124,-3.0658406877142887
1.1124340773716916,2.161654561048719,-1.8336320505465762,-1.445148758071105,2.0758490852121407
2.131376097121989,-1.0405283078606649,8.973342194955084,17.070868188511415,-6.0493048351568355
1.5078250520265577,0.6396439864315506,3.8414790072443212,8.481649620955881,-1.8920254986740905
-0.26644740250905574,-2.9279693267354743,4.446411225079407,5.356892313334291,-3.298103690771603
1.3558643931975292,-0.8051525095897976,5.487913219165159,10.367587338555259,-4.216797078338873
-2.5672505610153937,-2.98769452856779,-2.6040751772481596,-6.5608915143706374,-3.3471157342899733
0.9752306845095178,-2.0072503585367,6.879685255096688,12.556705608471555,-7.4385827187234215
-2.951922832144967,-0.3128974171720893,-8.64347174857067,-17.989782816632793,6.681428530048131
-2.7147073755809705,0.21052453169849894,-9.149025866307685,-18.987787341949023,7.780534712361018
1.5437733488358187,-2.082428401671926,8.783793925307965,15.511251524621686,-6.532504283041788
-0.13423772694820357,1.471297665693914,-2.404384232285048,-2.795806877301546,1.2988792778392657
-2.642694095477332,-1.8659780068763727,-3.798568322816627,-9.482438656241223,1.2653260257965586
-0.10883283439793079,-2.3049294470576562,4.157492844337888,6.9546545321730555,-6.588868614888369
-2.623474017176809,-0.9994529234329539,-5.895802138047211,-13.181181321904825,4.637447597286869
-0.9238065407297746,0.3085719819657191,-2.449401529467299,-4.477744763338655,1.2776510892081596
-2.055764366813201,2.9334108985184892,-11.40479530887952,-19.930492112748926,9.195068979201244
-1.6837652076486485,-0.4877056221890985,-4.231216041579211,-8.584430706048623,1.2730251419217644
-1.826366374901312,-0.444021496547335,-4.340467628471864,-8.724996841141735,1.6334170087436788
-0.7693924502658485,-2.64399917930087,2.4805252324436324,2.9113687268159953,-5.023407166781287
-2.3525500996009656,1.5949180389558206,-10.235107191001514,-18.937263423102866,8.179406945284082
0.1664186996401127,-1.90930198883374,4.699966852080372,8.119527859098604,-5.40415260364246
-0.5573939174774316,1.4688213872722686,-4.0996490926907825,-6.557985657694362,3.000759605223242
2.039190260520405,2.4637012663796485,0.8701011888021852,4.883763514697506,-0.07257728662464177
1.9555505536228397,1.609324572548168,3.1488808196188627,8.65690915873746,-2.0829112968884993
1.9456666934443358,0.854720522473289,4.201779350577959,9.267432295036174,-2.3608370266023226
-0.182164343191626,0.6234977729317781,-1.9377532679940659,-3.5889594303945795,2.376781866527482
-1.2552683473424353,-0.2782026455127573,-2.254759409199261,-4.685880699441892,0.7985660934633078
-0.5075923554019965,-2.132743829301738,2.5625415521283035,3.4876612686526762,-4.281071829867532
1.1242304321082548,1.6730316547305133,-0.5273543548057389,-0.13419919994529927,2.980802416727145
0.17871813889449006,-0.13606637764443708,0.47207044799742043,0.5606572081644781,-0.18289462835004155
0.7458246304087774,0.7538749388138659,1.092555091658411,3.280282972019742,-0.8145850928382519
1.1623064316963907,-0.7559086265193455,4.50538371632824,6.960907599182146,-0.7909556074752834
2.510179769655383,-1.7956636819173941,11.536548498457503,20.760352407539838,-7.692792089949765
2.6638549976989934,1.8390507827295757,3.8867217348356355,9.3059807872584,-0.09895879599581969
2.042819991084068,-0.9456011665572595,7.982125879643949,14.976906617577669,-6.381151517309426
-2.609631020934013,2.2000801738284714,-11.123979907690853,-20.20878469974781,8.417787315587853
2.8760100278718683,2.7943494151360913,2.5980811366103547,7.839062975983625,0.9267674629715041
1.2217843570216438,1.9799311632422185,-1.3045374303079373,-1.2946934964253427,3.7302369409239033
1.1603528947562713,-2.2311717282548957,8.627146637118983,15.908003866437577,-9.196201575803508
-2.8613641067438,2.130065564144661,-13.544381138405614,-25.26263372385187,11.332677535870976
-0.12360047222817716,0.11614695247939455,-1.0092990171151532,-2.8539631881234477,2.3147136430327926
0.7589981370939727,-1.5515303946141212,5.744421590017305,10.504938965016065,-5.867652257958846
-1.3289435768975786,-2.441063798243126,1.2396373663811588,-0.3493323805158279,-1.6690342337012842
-2.5005598032693435,-1.328940965220512,-6.030781819513403,-13.996552106017372,4.238079191024564
0.19466916675009216,-2.1754375069427105,4.7633367443578445,7.690239609225153,-5.329263462939743
-0.32223265052874606,-2.8461325067914034,5.151663598354414,7.19776835339942,-5.0095558352240515
-2.735518055168507,2.9265860946846463,-13.04546864984684,-23.080107957181934,10.515243193970091
0.11650857954913363,1.9892534904181582,-4.248399812591618,-6.824324795782887,5.585028352893246
-2.3536989792683816,1.4336955785811583,-9.394418831195157,-17.586608417582283,7.49947063073436
-0.4526953468356276,-1.8419173728403273,1.994752334795754,1.651299649942124,-2.2952234205058253
-1.3775225385674612,-2.8335813662949074,2.0554077407627025,0.6702260013226347,-1.855856148779968
2.8228248682667454,-0.08877670455185349,8.12585644853602,17.898710930922924,-7.6755447213108905
-2.79160057873369,1.450166579617937,-11.390152460833447,-21.74413164104987,9.785490817224796
0.36013941654582204,2.777024180158575,-4.279926865769604,-6.5142408292187115,5.966484023986341
-2.0884780673642585,2.0633021316189275,-9.914916379011277,-17.201301210643056,6.896497932651011
-1.0842353305724322,2.361014135967345,-7.689580128740114,-12.88488779823578,6.738954701238348
-1.8965941708152414,-1.5680235135538318,-2.768350541160654,-7.096018319060174,0.910846030654113
2.970881278274132,-2.0680438942597874,12.79759936110774,23.283197263069592,-8.681335525433127
-2.805827597320754,-1.5133093794397694,-4.501373222789077,-10.719317898488695,1.5359026629920718
0.24813875484400327,-2.1685231604498343,5.220061268932183,8.12290783384923,-4.876554378347806
0.6482562879503222,1.7909029422707539,-1.8747742308870083,-1.3903772593031873,1.6160537329265556
1.6330073741733173,2.4182583657949532,0.33153240799967015,2.957140809191546,1.8989995589807085
0.7559010979907423,-1.1559478424296772,4.891014149319849,9.198066556526603,-5.552653485907604
-1.611918559297619,2.2615570976345056,-10.035579493926713,-17.836434848444508,8.250978255515601
0.5882332979811449,-2.6697889190465194,7.347414861970009,11.922468106694426,-6.887324562217997
2.8498012600522014,1.0641392377630607,5.667919039109137,11.889308128506201,-2.1690853330313633
2.0907106116285608,0.16495925937475242,5.619786776886341,12.476896068028848,-5.414298454602478
-0.2790173168687877,-1.3395402262813063,1.3488872924097786,1.365723366368048,-1.661634471572937
-0.13555069335734782,1.609206572048623,-3.689652833752866,-5.770710115095681,4.203955769033149
-2.2025496142659935,-1.7277163113196299,-3.370766210174876,-7.539814339493036,-1.2374677988143046
0.41955073701577783,-0.5031030754346633,2.1647801560710285,4.034710298913593,-2.2403340803240703
-1.3185396420212916,1.2591560164372977,-7.421342076519439,-13.319917112813787,5.943496259602928
-2.3513144674518074,-0.9706261131488274,-5.1507522988773475,-11.242265459312136,2.9118400270314884
-0.15474356751446194,2.1321611135383547,-5.279196799659041,-8.813281583958931,5.349446571024603
-2.729572295867025,2.192562063837837,-11.432084629949827,-20.06322731239491,8.061823034127112
-2.2792095394206635,-1.784817481631884,-3.4678136037694616,-9.428621457318288,2.652895981842159
-1.6857360847562812,-0.35766006800952344,-4.470793801770562,-9.787617943139217,4.720322308485092
2.943807701275192,-0.40792414026133095,9.99479479887885,19.193142045053275,-6.3399919133959015
1.850889601621736,-0.539729188195226,7.2933740199220525,14.172648122651191,-5.114739335185847
0.25055001819392064,0.011832829117671029,0.1391756751361345,0.2822654053323978,-0.05197406946960459
-1.6046076946115597,-2.553802115487785,0.5803044098586885,-2.3245383908636974,-0.4402718481148448
0.11351933309883266,2.220299972005143,-3.6169069291816727,-3.8548146356816266,1.660041450647466
0.8939825164684301,-1.2605113298813322,5.295300505593261,9.710006619775998,-6.012263042186299
-2.9726164978647303,-2.9891256392771286,-2.8572855645544584,-8.949186388729588,-0.6338776038557483
2.9273616244896727,1.1106235960140642,6.304866561433386,13.937024003556276,-4.149339745664061
0.7606860031685083,0.9028325025652428,0.3153033974519847,1.75693305290491,-0.6513844977393297
2.9294788474073634,2.898973279605757,2.9366036406308083,8.607111350444757,-0.8047909012326853
-0.18560524141120593,1.315483286444672,-3.4007418561124876,-5.289069467527404,3.192537235290899
0.7410441033736479,-1.0037633510623307,4.67469667781602,8.548432808354187,-4.7348098272784895
-0.2312355466893652,2.7157053107904527,-6.561040966290725,-9.860666848554295,5.066546121820878
-2.9430981433364254,-0.8079252044257914,-6.785706030554724,-14.344806888352117,3.843140714807851
2.0993502965717976,1.9274681154455848,3.107014509987571,8.302315369522377,-1.07704033490961
-0.30599033698564027,-0.9859555845288854,1.238854445678446,1.3873197593891158,-1.1945275699207696
-0.17438284843934326,-2.7077501190588027,3.99760821518601,5.070755889105158,-3.63752659889507
-0.8402151638824358,1.4027091659661277,-5.019965316137107,-9.021977190891988,5.183995762420131
-0.40406119476593405,-0.8987344154888062,0.26342724622495156,-0.7739011382542703,-0.11330733173854002
1.3533042998102136,-0.966673805788286,5.729431119028201,10.259765252193635,-4.2676283080694395
1.2037468881549938,1.2951097611990008,1.2020013286236004,3.5811802580764427,-0.9208904436906287
1.850273734058784,-1.067772833579641,8.23907015513651,15.913313438056772,-7.075533723315086
2.848002415057949,-2.2919237747218526,12.29716676995391,22.112765034675256,-9.41265900458154
-0.6530086048622428,-0.5729384885663675,-0.7843625270161159,-2.3079689368779897,1.4557192771460619
-0.9662428928248596,1.943064237293001,-5.788983876844655,-9.78109103690071,5.4840443896146365
-0.03884961133967302,-2.2187730719612384,3.771506836387429,5.300289713796476,-3.2874117574140613
-2.0736626251342125,0.3268846545830213,-6.9749613162974375,-12.773947343441323,3.555987485962481
1.5481776721717502,-2.206444236337717,8.749425598363533,15.102835135609725,-6.556759833778843
0.4868275505587887,-2.70490290936311,7.221950950391389,12.01955478252912,-7.058240933093137
-1.7319556419782547,-0.7277413526082435,-4.365622936637508,-9.28413688458538,2.5685034334883996
2.1842103120337573,0.9472998979815892,3.8727898288911855,8.723916605161744,-1.6631704515779433
0.7143751043382194,-1.3500760008223514,5.259295565966301,8.689459301599344,-3.89503187910917
-2.7957640780476645,-0.3256131135754945,-7.616736859955405,-15.297254194273602,3.7079651216415837
-1.8208986677044754,-0.05201445154126372,-5.951764504764281,-12.918361972860104,6.26792022273992
2.346560923155618,2.047741688051377,2.9099631983955883,7.357390859575034,1.1029170629386558
-0.7137266615300994,1.9138752504321088,-6.609846891959499,-11.576619021590705,6.375017127487363
2.9061095143654834,-2.9859167408944662,15.151303917969814,27.204426371984617,-11.944956456451942
0.17851372176563451,-0.5164860346849842,1.7076566323337008,2.940862796102835,-2.2719921423935228
-1.7525091184651498,0.9365461917601183,-7.48795040053474,-13.3437405452731,4.117224518516779
0.5633673591393258,2.114377023369565,-2.8287290852944693,-3.2279967876786557,2.147502155275928
-2.3858943689179424,-2.706613300093243,-1.974053383837842,-6.570285368948852,-1.160408742439175
1.8450883050003863,0.7694899104654986,3.4587804123171573,7.519088385511553,-1.2284001166722678
0.7670412546077046,2.052116985396692,-1.1331177942502269,-0.37680705125435426,2.1967431926963386
2.783679718769707,-1.4695438764997542,11.871698404957137,21.70660063063264,-7.559685692879671
1.1406467441549788,-1.76846201180006,6.758232754345667,10.694261573183212,-3.1270006314128036
-2.7050978660070557,-0.19290367436038336,-7.886740610407732,-16.604024664465527,6.01993615942864
-0.1414305567885945,2.775477490641257,-6.536711639487751,-9.712523810576911,4.256642882552493
0.18786145433624135,1.157318367047731,-1.8313612985623353,-2.8612609093163814,2.2567025770413407
2.500655794872446,-0.4530897211697189,8.652769706136183,16.59010018341361,-5.982706009466164
-0.4051992506601838,-2.8748232003349967,5.124645178138914,7.884990887455597,-6.27486984608299
0.5610814365915573,0.34035518062730397,0.5544687789670748,0.12833303434477394,2.9547413631449686
-1.8842633718577664,-0.907271989218505,-4.680616548599312,-10.561511039991743,3.359080962894256
-1.5322431552400366,-1.8857181470817808,-1.3288671342675844,-5.092413820538095,1.2646201370208838
0.2915205871102864,0.0008886132133723024,1.150891878656814,2.4494615115694116,0.12818507592199935
1.1819073826092765,-0.9517041961967703,5.42737596887504,10.181497630406048,-4.8616010625027855
-0.3872357944740532,-2.7676519032484275,4.869787939964375,7.258504088174584,-5.946755354800665
-0.4039886117070455,1.3530361213900104,-3.8972438315038644,-5.687342410927631,1.5647175911719646
-1.4640342777613953,1.3954975197750263,-6.375244837865025,-11.077994442094528,4.516612085768173
1.1887845937295385,0.7129886985523521,1.347547014937137,3.5325526168947627,0.16099601896458493
-2.9671627457352705,2.0449239209773893,-14.2365271087464,-25.211436791700752,8.58665489528505
0.07661184184867764,-1.780910737313963,4.468268246955782,6.0916522495269385,-2.459271252030301
-2.9786114698100867,-1.2827906903152162,-6.768146436608832,-13.718729146750391,1.328040342267026
0.5608074589528882,-0.2480653027400077,2.247348384922528,5.117598796551917,-4.003873562523011
-2.8145610504519656,-2.638948896076922,-3.0985903229022607,-8.910352733436584,0.49957889347248724
2.6404024793858314,2.3012746794490013,3.4820668051224315,8.911887067502743,-0.04964589432895569
-0.1322774266729092,-0.05622835256091019,-0.5212374653830237,-1.4278500691597735,1.0265803654276922
1.1041363882727957,-1.0520205463352978,4.940517032144398,8.684748666878352,-2.628330674307992
2.1215908473905634,-0.13221931582182567,6.113275373403929,12.692509689960577,-4.987958524302415
-1.5874673151320355,-1.049221069582569,-2.3621279145666176,-7.006864279133824,2.6832348278188123
0.24032341280797986,-1.2824194774038917,3.671558523279347,7.065565243997241,-5.124811478193981
2.1806975054453615,-0.3118893644577927,7.040826327059803,13.769297140366167,-5.028926647778572
0.226641648055387,-0.10857196568959182,0.5986692307767219,1.6771637929762817,-1.7132641611436858
-0.6433650227724108,-0.39992763976633405,-0.8459043232812156,-2.706536777228754,1.3453976528813216
-0.7867811543178331,0.2875857192371867,-3.6763261187653544,-6.703245681139529,2.023256238187605
-0.6953498394465005,1.7002740137091115,-4.51174849231964,-7.129855320459038,3.56462949610974
0.6925877300069399,-2.6563908500119124,7.6167327679883945,12.85908358736579,-6.430457220755336
-2.7260331268930154,1.8691121196749432,-11.996061148437612,-22.468910600320623,9.777652042513019
-0.5077027525067681,-1.628793645862912,2.1494297230205115,2.478737594118883,-2.2299497324680755
0.3635347724809259,-1.4874425006575946,4.380821159143014,6.656668804698943,-2.6650676199308916
1.7182847246019293,0.5967989344009057,4.078783524963323,9.136412546956965,-3.3809244091404507
0.1799624736477714,2.8540278166549973,-6.113295910957364,-8.701288564967205,4.749986476010419
2.5570364106869192,-2.895603998685008,13.667792277493753,24.581137438532867,-10.896317582511598
-0.33736204577766316,1.0388015376857114,-2.3617463136942902,-5.0243697039284365,4.448598904317354
0.904764906938107,1.1813832354960017,0.07391885517801194,2.007576990663402,-0.9698889571322022
-2.8945133232348548,0.44191077604601414,-9.088037019049235,-17.67459648262222,6.965853517350526
-1.569311595656937,-2.9418593136226785,1.6003015563342524,-1.0684533547704875,-1.11783539997203
1.8927440783915417,0.6381107807196411,4.549047741808264,8.884569231611941,-0.5113431043906838
0.5172903309306052,-2.30987214568414,6.256697706078388,9.676689853319273,-4.786446403212319
2.677038366183657,-2.5315938644555995,13.374225572348093,24.21665255554784,-11.304401867759779
1.5172586238977228,1.176369509429688,2.4069528187603444,5.47952526170899,-0.05658344538505422
-0.30201685049826654,1.201407333709212,-2.3634350198599092,-3.970437297919779,2.8385474466035356
1.6722676084701185,2.3394712091620233,0.8212380182018542,4.438911556224352,-0.8779633797212881
-0.1932793102559307,-2.979717186544103,5.733152636707571,9.080280508956086,-6.899891816403453
-1.0189867714704286,-0.7274408752787496,-1.0734818454785868,-2.3996631453646726,-0.7314125175852731
-2.717423568102213,-2.926368006268267,-1.9456357681772674,-7.635638988037615,0.6900424601651792
2.1937401829192407,-0.8120247228345336,7.164861540960036,13.989199022586131,-5.67740969524136
-0.48634958466333256,-0.05005236999226392,-1.41732095660335,-3.124144815595771,1.5119221760665236
1.1110217101465256,0.17837496930016483,2.666530517115164,6.492712510596076,-2.871225348220302
-2.081643088214099,-0.864403718600435,-4.352137072204527,-9.438539339236138,1.4712345883964217
1.9737741417105061,1.3518082086389285,2.9393505139511706,7.83870643670813,-2.328272448014015
1.9452026762321406,-0.5064304634926904,7.144028054810435,14.059699169662712,-5.254416515048728
-0.10711442250124215,0.10275925387944174,-0.7374208864575578,-1.1556641666885408,0.4681351310500779
1.0328682486461203,1.800525605917004,0.3463951524037009,2.3092700844306964,-0.09622773004674601
0.12872305129687334,-1.9541834019935973,5.119570997804191,8.8886880734734,-7.032921310194603
0.3135958324142396,-1.0746286046290816,2.3666761776810183,4.124221269342774,-2.983694419642711
2.3328094031325204,0.12857760400818297,6.902708744263483,13.768460388827366,-3.4189211627959146
2.801494388043646,1.6057093497895982,4.962124724302837,11.309780186274265,-1.9361400946431715
-0.7950063413800028,-0.4478674350659606,-1.3632771117863385,-3.5306458581282594,1.6051879261590176
-1.009601242537397,-2.563399366379791,2.3913397302223793,2.62805605770722,-4.177192076332201
-1.177155383522964,2.932983191232413,-10.036808399757794,-17.022461167137656,8.912755495796327
1.6245527628550036,1.2474643360973587,1.8919269153226104,5.175149502043433,-0.019668977867109194
1.3373847577836626,1.3364108156857313,0.9147497814104582,2.9856602474190868,1.2552331895503595
-2.737199543704448,-0.20937053087118596,-8.068566557616155,-15.61760537011647,4.328080841073773
-2.469354655765465,0.28224034165587586,-8.233672071875421,-16.929557324594214,6.945753471152742
0.8772294018388251,2.9642906627010674,-2.8985104405318443,-2.441661332850722,2.9179887633251
-1.3502482546564272,0.5706942220647049,-5.080887497475384,-9.100118411610898,3.0079693905245395
-2.4505181036102988,-1.68642320349027,-4.414285545684646,-10.673707295852324,2.5224139898205227
-0.5180177291845007,2.78627843831552,-7.286423098041095,-12.511495108260663,8.515617877337743
2.2648969755749455,0.22657609467665374,5.156702909750549,10.731238351499512,-4.15869066482394
-0.8021292989191657,-2.8759599067504213,4.3553892416592594,6.433063321981647,-5.755476075204389
1.1737802327003024,0.4401088679418823,2.650157488456894,6.626412301093609,-4.100009390070495
2.403449217456787,-2.5771463819628284,12.860941993040194,23.47329222262859,-11.490049444443818
-1.9841215119365867,0.165529862121907,-5.886838693300382,-11.915012295332359,4.614104973186202
0.65821039105152,1.9519901032102345,-1.9473829097093702,-1.5961229877388845,1.8975821657620981
2.445955452467236,0.2331982269133146,5.68051460408955,11.844492592705123,-3.0257286707247264
-1.8395214336653218,-0.7592799965420118,-4.27896930217802,-9.156290649827985,1.5321992291273718
2.932275682730234,2.295658505015484,4.382317365970509,10.617975184700777,-0.7474522505490683
-0.8094988209185212,2.565540467577878,-7.529322768067485,-12.193871978105216,5.136715520471339
-1.6948451387735475,-0.9150541056014179,-2.734239849219288,-6.14858192679396,0.6352911457153134
2.0269167088997797,-0.006295296138020046,6.092360049362723,13.392256914688005,-6.59715083166144
-0.1925460880721208,2.8975337765384204,-5.451673150368697,-7.962060866566779,4.551624835178643
1.0240690767302096,-1.9313949246737419,6.405174778613175,11.726639955998198,-6.421885079704494
-0.062356715546687536,-1.2110805839655303,2.493931039240693,4.47243453512946,-3.4075972171416518
0.8611667876261073,-0.4294652659527767,2.927963958143653,5.451433678540627,-2.080696085268321
-2.787787110018597,-2.3946702155051973,-3.116979571119391,-8.010031585520023,-0.33875741343192867
-0.89891864080509,-1.3677445888545312,-0.3378177169532354,-2.4350732364617436,0.1760684869334298
0.9438711558122455,0.26813212112767815,1.417060292187662,3.0061655905684,0.07585948392054886
-0.8953165077281753,-1.6290116376573496,-0.17108418550213877,-2.2390694508289686,0.2430964363878642
1.6545277205657625,1.1177099124230594,2.4921299655818667,6.02320317522084,-1.2143703909293668
2.7653070535899857,-0.9139711074264616,10.90318170565568,19.890248678680134,-5.917356798008268
-2.775531312866682,-2.4612303821590134,-3.0334376038448463,-7.628415935119454,-1.4572784655673252
2.1319089314702815,1.5871981492175848,3.4447730877867926,8.324491101329725,-1.5204059744464995
-1.9856158950194158,0.40449782506181586,-6.798376162224439,-12.798779489658495,3.3870779030785028
2.504022565287368,1.9492156964387721,3.0504784482242275,8.172836016487123,-0.5428333750077493
2.6807564765907124,-0.8390902972208374,9.254047246662973,17.533190487153963,-6.442620437045496
0.41507762770319623,-2.883723387766228,6.736803940710257,9.951312090048546,-5.777029281848378
-0.1259272710713235,-2.7198690364032325,4.7407764130762065,6.3046556685793735,-3.662907196197757
1.5509993718546244,1.7726989312509431,0.7792153918946587,3.213294114101023,1.4748731466185623
2.5081290711663806,-0.5361527273232731,8.120985895147374,15.468498420592665,-5.7237460915592635
-1.6053235676260624,2.858314231330791,-10.529558549514121,-18.687695301297516,9.897247681910594
-0.705351349178847,1.9818502283816262,-6.455382576334947,-11.272461294195374,7.196336590797763
-0.4947840305707172,-2.9032687041356127,4.888003019218271,7.103316372218769,-6.299645665987299
2.0749274832883193,2.2198812005940853,2.3458068400986996,7.349938918680814,-0.29417975024797727
-2.178497873974247,-1.722802956748808,-2.789377609609405,-7.884794508369948,1.6154464016477186
0.7382650935371657,-0.08241042342581295,2.622406715088548,4.722356184890369,-1.03913630578002
-0.8943521787730049,0.03672808762649904,-3.532613389046407,-6.920986960030332,1.7259060889914066
2.3130847521259614,-2.641672787067817,13.368012539147427,24.012623118502614,-11.570549363314004
-0.961254729285772,-2.246006121467323,1.4674515250394249,0.5057732824447674,-2.3904401389077368
2.867677708960608,-0.46171559144759655,9.923321111893042,19.846126006884287,-7.535210585558299
-2.906207345916619,0.8557252593320888,-10.013587571360059,-19.07904329611735,8.092859743881561
-1.5626782638199193,-1.4134981359579575,-2.381642038565368,-6.988359203821167,3.745078033102078
-0.25607452053961666,0.15840579563211588,-1.3989590535096834,-3.0392581947149537,1.8807518533443663
-1.4620525020948185,-0.7251877284278656,-2.736827002914483,-7.029383486795012,2.757643650594402
1.4243610668423834,0.7821810345148004,1.935684286655504,4.563956942043576,-0.8242609368581437
1.887308814414526,-0.45337619222476144,6.523991288409351,11.930548046717098,-2.7512187085752484
1.18504796725348,2.1097985995300643,-1.8620045822447255,-2.4947637675212704,4.445134414042672
2.8223908998536427,2.90246441129739,2.667311055483063,7.209463579234335,2.091728375768545
-0.26377199078384317,2.478310995143941,-5.060337137721715,-6.650162135277389,3.060641494003379
2.8786187722611505,-1.9883745874690453,12.611402864048154,22.551747881505772,-8.141748491723758
-2.2523362173006056,-0.2569339282574039,-6.974767953918341,-14.364298638041035,4.7328360629089525
2.0756679255181165,-0.24709367605268762,6.4447592028734615,12.67216427146922,-4.4761389294787035
-2.769352266853262,2.0427983504858043,-12.086095331400879,-22.069870252943577,8.905783082553391
0.19149939857016696,-0.8568640570822206,2.371623125467715,4.196828276351828,-3.217255048493522
-0.09317032273763193,0.29761121629289544,-0.648767088949675,-1.025426895154052,0.09399938438342159
2.1377977003936417,0.6556740193985959,5.015914878630497,10.460703880803836,-3.160306799331807
1.2043946413738844,-2.3308752864167737,7.8920551007786965,13.563106446020157,-6.7264456386908105
-0.353660878520059,0.3477667835658278,-1.693805420118214,-2.9351286724075862,1.010386329912951
2.374029324088201,-1.518951069872207,10.193961427455596,18.894326149511773,-8.438405374411996
2.3152163829511263,-1.7602987179512248,10.97983301554548,20.51981277829783,-9.919451106707278
-2.8516090000314285,-1.4981065190863716,-5.793549988754106,-13.39807507833968,2.9459063583723877
2.226111475340173,-2.403888007994635,11.510481578543141,20.51667677683674,-9.389649170209784
0.15951213990409974,-2.5816184962682778,5.569164227515067,7.89380038969868,-3.520997117615731
2.0337649959868616,0.8811982164032637,5.475880462498883,11.710492398816534,-3.5378231307514048
-1.9120584237229594,2.6458731833248796,-11.404420103387459,-20.482041425973232,10.409328947454572
-2.0934268837244883,1.1279977268643844,-8.728588646113705,-15.801500052422943,6.360074842990052
1.3332188742177102,-1.1288663483235628,5.7786732393275155,9.697251931102068,-2.8987602573560216
-1.3478538288594346,-0.9897204302016336,-1.4122031307709186,-4.0517400569575095,0.15715274034375776
0.3530433090315901,0.24833521934479208,1.251436971191113,2.489122665617114,-0.41896691810678016
1.1328932327666061,2.1978112578700344,-1.1053918623354533,0.32243099628772814,1.545806421597713
0.662445053837712,-1.7852126979085066,6.150557466269385,9.877713479704571,-3.3479202299523005
1.193792840464587,-0.1889318292358202,4.123292978531269,8.059514618910482,-3.7994167928932665
0.7221436966503032,-0.006319665342938041,2.5300807566395807,5.093168541873822,-1.328782513497043
-0.7252318130114377,2.587341733254659,-7.847805681703307,-12.646430348908025,5.327373714251731
-2.457033505963727,0.21691726894654684,-7.724246211869829,-15.659022278969731,6.527938852497387
2.132070887739615,1.6851520396086315,3.9620939445372794,8.955638990552842,-0.7272790065100417
2.076049319328683,-2.4731929206044962,11.913260093864972,21.590851440385904,-9.399327417662255
-2.965925624789175,-1.0384583234439106,-6.41821033292224,-14.572286456782214,5.183949420221934
2.045192985720109,0.6685407196684268,5.2740291455998864,10.955229469744552,-2.4193528675225737
-2.0940671635518857,1.0658275915200504,-7.197352446777475,-13.448186930319446,4.871005357984481
-1.00282438161638,2.311272904152611,-7.2381358286780175,-11.857126574023857,6.522211330972118
-0.5199081497810987,0.5425424689354772,-2.9756509814778043,-6.17963785289288,5.405033627281033
1.0777850932692292,-1.262524736291151,6.364910245275259,11.319239538014656,-3.985288006054544
-2.4455070883616896,0.2345714321803456,-7.8428175552142525,-15.438042273548596,4.869716114540024
1.9598735352807681,1.2691800557490582,3.5856483737513956,8.009960979280011,-0.8596803645112286
2.656486717722027,1.7060712343067523,4.616564645964621,10.760391249074559,-2.196736403400225
2.7161752117880393,2.667505624136046,2.459121393079335,8.030272911096185,-0.9367554867052221
-2.4489719908862932,-1.855484144009738,-3.481697318704671,-9.072416546261344,1.6815608674454352
2.516281521421485,0.965670964444536,6.100939912576048,12.985576036803234,-2.855890031980319
0.40697338224904556,-1.7981474668381006,5.186592898694014,9.01784296356916,-5.398688182448055
1.3615713755001213,-1.092766026069191,6.51021140408071,11.818601410191249,-5.790926024365512
2.5835802389954727,-2.1434130058113086,11.93724493953146,22.40024713721498,-10.710182762781066
0.9659727395485715,1.6379624634353238,-1.2074903287317946,-1.5962117868168404,4.070636360930326
-0.25956332592420583,2.483997122867497,-5.770381657659989,-9.193459124745386,6.258532401395697
0.15067100021772317,-2.8204271864933217,6.370011756143125,10.307741786785371,-6.781547814154557
1.1070208742348822,1.8810482089874512,-1.5204400123930903,-1.519502468218036,3.5911310896336497
2.6681934075351954,-1.5494677013172136,11.07001350264466,20.473370531394533,-8.286508028443002
2.338852188374455,-0.07818474339138426,7.125517080471488,14.804503655929942,-5.914039271133216
0.46240353189595007,1.489315078089053,-2.0487529359970553,-2.9955342835615193,4.5781459145366785
-1.7339383855324015,0.04112593220628291,-4.903858661177621,-9.525292788558728,3.2907874032398414
-0.9196252518922452,-1.6125006065808491,0.938221371917964,0.6372682640158136,-2.4221287112371526
-0.8291550104404335,2.4369942055201017,-6.454383830743565,-10.433455583003962,5.9129541195655
-1.264955796088047,0.5614958575453675,-4.931958148289564,-9.282414097026873,3.6649201171028825
1.4804735046099609,2.5875334992308003,-0.08789056268357398,1.8992944645690164,2.6287745763338597
2.015925609768005,2.079848027617352,1.478453609328833,5.402273929773145,0.2816515750603543
-1.0810146349410392,2.259525855327615,-7.947690802813329,-14.263023187930173,7.821536648405854
2.0767559192894707,-0.8297235900561608,8.229455513203419,15.82480664540014,-6.608668717278329
1.4066244472779568,2.923890783419017,-1.9559255144159566,-1.2471610154146662,3.1959003398514856
-0.35330112219277376,2.1143667821572922,-5.369725058096698,-8.82245497103795,5.799297718426939
1.1919781794653277,-0.9743580508847547,5.944428655088028,10.813864387458803,-4.016379042864184
1.6160298677056772,2.3784921447285043,0.08808164428247299,2.8044039490086963,1.329991585525471
0.36618662561912085,1.5317569819277486,-2.424773142598094,-2.5368180870542627,1.111874452565351
-0.3413196643411638,1.3508221545230068,-4.020379439826048,-6.634269437782615,3.5456451668701607
-2.3897133184683126,-2.9626450172406806,-1.380548271952319,-6.083756370282581,-0.21568263794644216
-2.9917819732831115,-2.864592493898871,-2.952386673342701,-9.489142966400808,1.9476077764557127
2.623507863495849,1.1687552032181028,5.37055158997205,12.489831158205359,-3.3887660385608696
-1.395091325331005,-1.327898730649327,-2.7539900911485837,-6.748192001207519,0.466169054289332
0.9779041235009052,-2.6488899169973545,8.624629323533181,14.48456198266952,-7.8542270450641745
2.660166951007816,-1.2842936353733394,10.871810136760592,20.488584318114885,-8.052933286440778
1.9097476702744904,2.027456846612946,1.1415583036543953,4.6939051498028865,-0.6677196715013917
-2.2645031745037536,-0.17632921703198168,-7.007503030631606,-14.396371000120437,5.612389662046229
1.8114747026720472,0.6934755520337168,4.723019574579862,9.806508228965535,-2.383212375186091
1.358358593856071,1.8030324856272184,0.3487124661927797,1.8454894380340587,2.673174169431566
-1.0236173838766094,-1.0597531686932247,-0.5745579569907211,-2.74847894899318,0.6472651952963225
1.1376107901040324,-2.9331245506751062,8.932095856361093,14.758688473500706,-7.499102462488589
1.95532335389907,-1.0600734851342675,8.313754828450103,16.104773486394972,-7.976632797413486
-1.2514685467816529,2.7400703392849124,-9.695972803398595,-16.90611698919378,8.67926324742831
2.2141756480847885,-0.10629008566776221,7.066249631149373,14.156504818542398,-5.170313083313507
-2.5271136956155464,0.41884562266772196,-8.240584643536677,-15.500064201822111,4.514717281399569
0.16472672538753352,1.5625761588064186,-3.6632690331822926,-5.573080069021048,3.8083506508619505
-1.600682061236704,-2.310399728520271,-0.11925804330169716,-1.5620637325642188,-3.776493748169942
1.3680629672104603,1.4036158009844133,0.9376500781792882,3.3127912217188413,0.34785778044023014
-1.950804051430183,-1.213473321315566,-2.87896291011669,-7.04988961018398,1.837374474567245
-0.9512772649675254,-0.6710310263752319,-1.3941718525355322,-3.6502174757640056,1.2353577208181736
-2.2356854592317124,-1.3830608151400474,-4.06458486057242,-8.51606796863998,-0.11099879750402628
1.8714884337330604,-2.078726723238924,10.531345470410363,19.593688970057084,-10.608334623095367
-2.206351296052531,-0.8312317571432244,-5.908198813021197,-13.377313841878344,4.474370568470629
1.3389096359264006,-2.432166307548038,9.844707724083419,18.312293326642436,-10.297194383224138
1.2433813077434035,2.068668359381725,0.5305325086780943,3.378723601000864,0.5847703750483448
-2.1457896770304097,-1.1643218894904812,-4.303569868492182,-9.706938799928665,1.0562153726226335
0.3963064581103688,0.9217039099611086,-0.21028965412316442,0.7602624998473116,0.4382141335071718
-0.018724090124980997,-1.21982666648129,2.62616325049566,3.553105910609844,-1.9671571057097736
0.567027413894853,-1.7357757494776491,3.9300390301321997,6.2227494172477575,-3.7625884940739933
2.62336579508123,1.281942590380993,5.250450900192404,11.628495357706884,-1.8739357688492189
-2.5167778653878887,0.74402292324078,-9.670903132803218,-18.777955200822692,7.880650689241476
1.9230223822340804,-1.6913704126863032,8.473695283487515,15.735453295554823,-7.558896729214121
2.1726447716845003,0.6725768903182936,5.029545389035568,10.599433496421392,-2.2483247779929147
-2.242355458024642,-2.9699899335628865,-0.9129793500188623,-4.74612868996628,-1.610773027719952
0.9366368301550358,-1.9385123603987262,7.294843555172873,12.81504453534253,-7.080855646224776
1.2127388873348517,1.366523870386854,0.528921786685206,2.896170742411943,0.3701838437892546
0.29199769510920426,-0.5390960008429477,1.7567769172274397,3.608470212888694,-2.0699190086684833
0.017579749753988683,-1.7782266783064353,4.292859748953889,6.814904400935959,-4.611883110544142
-1.0930894432485252,0.03549826212153118,-3.4421157245613934,-7.037870348524661,2.4604166585175458
1.1344895175774088,-0.20869799387919752,3.5642928838895234,7.871785491232514,-3.8879374413032544
-1.286720051666231,0.8036177550115742,-5.03896767520649,-10.564478105813132,5.985832862420125
-0.2398608777773763,-2.5647700803584232,4.6752736367667875,7.219471735725896,-5.382117309858546
2.1442150039021897,1.9160977831535702,2.650413965600515,7.144899284613005,-0.8743702278473457
-2.462759921362456,-2.6503393264251103,-1.625575208569675,-5.616237187945858,-1.55101011709959
0.17022154181352178,-0.2768683527611575,0.44056539847008014,0.6246793128218673,0.1781156279726509
-0.08355563687400025,1.262838142010012,-3.0672849072481077,-4.230989609046924,1.2177138559644742
-0.7291116114782863,-0.9311337920105558,0.6741012392514382,0.6266308099120845,-2.1162996698268386
0.5851781570297447,2.460711180264358,-4.683116431050955,-7.615995925709959,6.877368788901266
-2.906240989761261,1.531391138134011,-12.117914736583922,-23.43742168570598,9.778545945818816
-0.045182550298824786,-0.4437116108553636,0.1601571106112537,-0.23092017521363714,0.04613500606363594
-0.08585675740944332,-1.8970416373628705,3.572022159635041,5.5508184908820155,-3.684891592409727
0.09667374985384569,-2.739366548577511,6.071223841675027,10.056685097137718,-6.849358271394154
-1.7253584620971878,1.8099859645242447,-8.242566342603727,-15.009851809435986,7.1618032715343185
-1.7544209965743478,-1.834354524862644,-1.7997458819057441,-6.539537963301963,2.2670220397773218
0.8832153495743471,-1.381954953726992,4.952162881159663,8.737911300981171,-3.7541232997607095
-2.4436349646601565,-2.9377298216965158,-2.181080128086082,-7.278708888814586,0.38037289181159206
-1.164470864533465,-2.8906386901947507,2.3118272641729947,1.8046305528690259,-3.666822592785478
1.9848955592135251,-1.617489394991996,10.253314801184679,18.33853647522807,-7.4820287964373335
-2.37741737512071,2.2372109176298425,-11.90052244745558,-20.967437286355374,8.758958675091376
-0.19160406388393714,1.6849382907390558,-3.98057904260392,-6.6843759568412855,5.170568319774103
1.0117844867671817,1.6192386900746563,-0.13502797681749573,1.5032094501748512,1.528125991559805
-2.150133833713885,1.9622086460883974,-10.586242314979271,-19.07242979245124,8.452219409597735
-1.1252228157210318,-1.8803185864321381,1.0965922052914865,0.5878071762660211,-2.949756499705689
0.35253708478936296,2.87439173606065,-4.0865111297716465,-5.670933220919606,4.348691698886869
-1.0366328706195413,-1.6068442059202686,0.5129233696678905,-1.0426793186309031,0.34294195502565106
-2.3403733324933325,-2.1004208943645444,-2.340011203744207,-6.353913832105567,-0.05200442450034937
-1.6055618274516061,-1.2321318378058865,-2.6950391180207145,-6.345892671970171,0.1533472837200875
-2.3435079299100208,0.18272005294087013,-7.969913742273384,-15.589573607477663,5.386682901633262
2.9013342782748124,-2.2534162775422897,12.872166232033184,24.053794495222267,-11.20697822612286
-1.586108377121599,1.4317261403052104,-7.481570766969651,-13.36056667501221,5.586876076097092
0.18332382378228207,-0.7708398657313413,1.92936419202753,2.9028675809415025,-1.5761856230175306
-0.42886854018964016,0.4104992137029839,-1.8230583244063359,-2.9766227404148764,1.2219622737855518
0.4170815784959716,1.4054161419004796,-1.5054778612418824,-1.3803049957121158,0.9050594258260876
-0.011453328079189085,2.411362485573708,-5.526745074151988,-8.404350151913443,4.842807215333587
1.3629710440107132,1.9160818003395876,0.8771383412422123,3.2288264299160447,1.8056550737452024
2.2380833822891244,0.2248120467134216,6.008964731577521,11.753208219004142,-3.7785760882434234
-1.2882036762619862,2.9470373729076984,-9.365534725081504,-15.343952212570327,7.35143706253199
